-- Generated by Craft v2.6.2962 on Feb 23, 2017, 12:27:21 AM.

--
-- Disable foreign key checks and autocommit.
--

SET FOREIGN_KEY_CHECKS = 0;
SET SQL_MODE = "NO_AUTO_VALUE_ON_ZERO";
SET AUTOCOMMIT = 0;
SET NAMES utf8;


DROP TABLE IF EXISTS `craft_assetfiles`;


--
-- Schema for table `craft_assetfiles`
--
CREATE TABLE `craft_assetfiles` (
  `id` int(11) NOT NULL,
  `sourceId` int(11) DEFAULT NULL,
  `folderId` int(11) NOT NULL,
  `filename` varchar(255) COLLATE utf8_unicode_ci NOT NULL,
  `kind` varchar(50) COLLATE utf8_unicode_ci NOT NULL DEFAULT 'unknown',
  `width` int(11) unsigned DEFAULT NULL,
  `height` int(11) unsigned DEFAULT NULL,
  `size` bigint(20) unsigned DEFAULT NULL,
  `dateModified` datetime DEFAULT NULL,
  `dateCreated` datetime NOT NULL,
  `dateUpdated` datetime NOT NULL,
  `uid` char(36) COLLATE utf8_unicode_ci NOT NULL DEFAULT '0',
  PRIMARY KEY (`id`),
  UNIQUE KEY `craft_assetfiles_filename_folderId_unq_idx` (`filename`,`folderId`),
  KEY `craft_assetfiles_sourceId_fk` (`sourceId`),
  KEY `craft_assetfiles_folderId_fk` (`folderId`)
) ENGINE=InnoDB DEFAULT CHARSET=utf8 COLLATE=utf8_unicode_ci;

--
-- Data for table `craft_assetfiles`
--

INSERT INTO `craft_assetfiles` (`id`, `sourceId`, `folderId`, `filename`, `kind`, `width`, `height`, `size`, `dateModified`, `dateCreated`, `dateUpdated`, `uid`) VALUES
 ('8', '1', '1', 'me.jpg', 'image', '900', '1350', '438893', '2017-02-22 16:14:11', '2017-02-22 16:14:11', '2017-02-22 16:14:11', 'abc819ec-db43-407d-ac15-60a9499026f9'),
 ('9', '1', '1', 'ryan.png', 'image', '320', '320', '162789', '2017-02-22 16:14:12', '2017-02-22 16:14:12', '2017-02-22 16:14:12', '13967fa5-6041-41d0-b311-0a30837a8a51'),
 ('12', '1', '1', 'blog-back.jpg', 'image', '1600', '900', '1773576', '2017-02-22 18:57:02', '2017-02-22 18:57:02', '2017-02-22 18:57:02', '724ceaef-dd23-4f09-b189-d49cfad8f814'),
 ('13', '1', '1', 'Logos-04.png', 'image', '503', '500', '45174', '2017-02-22 21:30:16', '2017-02-22 21:30:16', '2017-02-22 21:30:16', '93bb58e6-e157-4336-abd7-8a4396e92a71'),
 ('14', '1', '1', 'Static-Assets-with-Amazon-s3.jpg', 'image', '750', '500', '99510', '2017-02-22 21:30:17', '2017-02-22 21:30:17', '2017-02-22 21:30:17', '06bb8c37-2336-4ecc-bfd7-941220774b3d'),
 ('16', '1', '1', 'Static-Assets-with-Amazon-s3-1.jpg', 'image', '1600', '1067', '370448', '2017-02-22 21:52:04', '2017-02-22 21:52:06', '2017-02-22 21:52:06', 'a340cc7b-76af-4b6a-9392-e30faba35282');



DROP TABLE IF EXISTS `craft_assetfolders`;


--
-- Schema for table `craft_assetfolders`
--
CREATE TABLE `craft_assetfolders` (
  `id` int(11) NOT NULL AUTO_INCREMENT,
  `parentId` int(11) DEFAULT NULL,
  `sourceId` int(11) DEFAULT NULL,
  `name` varchar(255) COLLATE utf8_unicode_ci NOT NULL,
  `path` varchar(255) COLLATE utf8_unicode_ci DEFAULT NULL,
  `dateCreated` datetime NOT NULL,
  `dateUpdated` datetime NOT NULL,
  `uid` char(36) COLLATE utf8_unicode_ci NOT NULL DEFAULT '0',
  PRIMARY KEY (`id`),
  UNIQUE KEY `craft_assetfolders_name_parentId_sourceId_unq_idx` (`name`,`parentId`,`sourceId`),
  KEY `craft_assetfolders_parentId_fk` (`parentId`),
  KEY `craft_assetfolders_sourceId_fk` (`sourceId`)
) ENGINE=InnoDB AUTO_INCREMENT=2 DEFAULT CHARSET=utf8 COLLATE=utf8_unicode_ci;

--
-- Data for table `craft_assetfolders`
--

INSERT INTO `craft_assetfolders` (`id`, `parentId`, `sourceId`, `name`, `path`, `dateCreated`, `dateUpdated`, `uid`) VALUES
 ('1', NULL, '1', 'blog', '', '2017-02-21 22:02:26', '2017-02-21 22:02:26', 'a4500b8c-b567-4e49-8e56-9add613c5281');



DROP TABLE IF EXISTS `craft_assetindexdata`;


--
-- Schema for table `craft_assetindexdata`
--
CREATE TABLE `craft_assetindexdata` (
  `id` int(11) NOT NULL AUTO_INCREMENT,
  `sessionId` varchar(36) COLLATE utf8_unicode_ci NOT NULL DEFAULT '',
  `sourceId` int(10) NOT NULL,
  `offset` int(10) NOT NULL,
  `uri` varchar(255) COLLATE utf8_unicode_ci DEFAULT NULL,
  `size` varchar(255) COLLATE utf8_unicode_ci DEFAULT NULL,
  `recordId` int(10) DEFAULT NULL,
  `dateCreated` datetime NOT NULL,
  `dateUpdated` datetime NOT NULL,
  `uid` char(36) COLLATE utf8_unicode_ci NOT NULL DEFAULT '0',
  PRIMARY KEY (`id`),
  UNIQUE KEY `craft_assetindexdata_sessionId_sourceId_offset_unq_idx` (`sessionId`,`sourceId`,`offset`),
  KEY `craft_assetindexdata_sourceId_fk` (`sourceId`)
) ENGINE=InnoDB DEFAULT CHARSET=utf8 COLLATE=utf8_unicode_ci;

DROP TABLE IF EXISTS `craft_assetsources`;


--
-- Schema for table `craft_assetsources`
--
CREATE TABLE `craft_assetsources` (
  `id` int(11) NOT NULL AUTO_INCREMENT,
  `name` varchar(255) COLLATE utf8_unicode_ci NOT NULL,
  `handle` varchar(255) COLLATE utf8_unicode_ci NOT NULL,
  `type` varchar(150) COLLATE utf8_unicode_ci NOT NULL,
  `settings` text COLLATE utf8_unicode_ci,
  `sortOrder` smallint(6) unsigned DEFAULT NULL,
  `fieldLayoutId` int(10) DEFAULT NULL,
  `dateCreated` datetime NOT NULL,
  `dateUpdated` datetime NOT NULL,
  `uid` char(36) COLLATE utf8_unicode_ci NOT NULL DEFAULT '0',
  PRIMARY KEY (`id`),
  UNIQUE KEY `craft_assetsources_name_unq_idx` (`name`),
  UNIQUE KEY `craft_assetsources_handle_unq_idx` (`handle`),
  KEY `craft_assetsources_fieldLayoutId_fk` (`fieldLayoutId`)
) ENGINE=InnoDB AUTO_INCREMENT=2 DEFAULT CHARSET=utf8 COLLATE=utf8_unicode_ci;

--
-- Data for table `craft_assetsources`
--

INSERT INTO `craft_assetsources` (`id`, `name`, `handle`, `type`, `settings`, `sortOrder`, `fieldLayoutId`, `dateCreated`, `dateUpdated`, `uid`) VALUES
 ('1', 'blog', 'blog', 'Local', '{\"path\":\"assets\\/img\\/blog\\/\",\"publicURLs\":\"1\",\"url\":\"\\/assets\\/img\\/blog\\/\"}', '1', '32', '2017-02-21 22:02:26', '2017-02-22 16:17:50', '33908694-3218-4153-944a-0082586204e4');



DROP TABLE IF EXISTS `craft_assettransformindex`;


--
-- Schema for table `craft_assettransformindex`
--
CREATE TABLE `craft_assettransformindex` (
  `id` int(11) NOT NULL AUTO_INCREMENT,
  `fileId` int(11) NOT NULL,
  `filename` varchar(255) COLLATE utf8_unicode_ci DEFAULT NULL,
  `format` varchar(255) COLLATE utf8_unicode_ci DEFAULT NULL,
  `location` varchar(255) COLLATE utf8_unicode_ci NOT NULL,
  `sourceId` int(11) DEFAULT NULL,
  `fileExists` tinyint(1) DEFAULT NULL,
  `inProgress` tinyint(1) DEFAULT NULL,
  `dateIndexed` datetime DEFAULT NULL,
  `dateCreated` datetime NOT NULL,
  `dateUpdated` datetime NOT NULL,
  `uid` char(36) COLLATE utf8_unicode_ci NOT NULL DEFAULT '0',
  PRIMARY KEY (`id`),
  KEY `craft_assettransformindex_sourceId_fileId_location_idx` (`sourceId`,`fileId`,`location`)
) ENGINE=InnoDB DEFAULT CHARSET=utf8 COLLATE=utf8_unicode_ci;

DROP TABLE IF EXISTS `craft_assettransforms`;


--
-- Schema for table `craft_assettransforms`
--
CREATE TABLE `craft_assettransforms` (
  `id` int(11) NOT NULL AUTO_INCREMENT,
  `name` varchar(255) COLLATE utf8_unicode_ci NOT NULL,
  `handle` varchar(255) COLLATE utf8_unicode_ci NOT NULL,
  `mode` enum('stretch','fit','crop') COLLATE utf8_unicode_ci NOT NULL DEFAULT 'crop',
  `position` enum('top-left','top-center','top-right','center-left','center-center','center-right','bottom-left','bottom-center','bottom-right') COLLATE utf8_unicode_ci NOT NULL DEFAULT 'center-center',
  `height` int(10) DEFAULT NULL,
  `width` int(10) DEFAULT NULL,
  `format` varchar(255) COLLATE utf8_unicode_ci DEFAULT NULL,
  `quality` int(10) DEFAULT NULL,
  `dimensionChangeTime` datetime DEFAULT NULL,
  `dateCreated` datetime NOT NULL,
  `dateUpdated` datetime NOT NULL,
  `uid` char(36) COLLATE utf8_unicode_ci NOT NULL DEFAULT '0',
  PRIMARY KEY (`id`),
  UNIQUE KEY `craft_assettransforms_name_unq_idx` (`name`),
  UNIQUE KEY `craft_assettransforms_handle_unq_idx` (`handle`)
) ENGINE=InnoDB DEFAULT CHARSET=utf8 COLLATE=utf8_unicode_ci;

DROP TABLE IF EXISTS `craft_categories`;


--
-- Schema for table `craft_categories`
--
CREATE TABLE `craft_categories` (
  `id` int(11) NOT NULL,
  `groupId` int(11) NOT NULL,
  `dateCreated` datetime NOT NULL,
  `dateUpdated` datetime NOT NULL,
  `uid` char(36) COLLATE utf8_unicode_ci NOT NULL DEFAULT '0',
  PRIMARY KEY (`id`),
  KEY `craft_categories_groupId_fk` (`groupId`)
) ENGINE=InnoDB DEFAULT CHARSET=utf8 COLLATE=utf8_unicode_ci;

DROP TABLE IF EXISTS `craft_categorygroups`;


--
-- Schema for table `craft_categorygroups`
--
CREATE TABLE `craft_categorygroups` (
  `id` int(11) NOT NULL AUTO_INCREMENT,
  `structureId` int(11) NOT NULL,
  `fieldLayoutId` int(11) DEFAULT NULL,
  `name` varchar(255) COLLATE utf8_unicode_ci NOT NULL,
  `handle` varchar(255) COLLATE utf8_unicode_ci NOT NULL,
  `hasUrls` tinyint(1) unsigned NOT NULL DEFAULT '1',
  `template` varchar(500) COLLATE utf8_unicode_ci DEFAULT NULL,
  `dateCreated` datetime NOT NULL,
  `dateUpdated` datetime NOT NULL,
  `uid` char(36) COLLATE utf8_unicode_ci NOT NULL DEFAULT '0',
  PRIMARY KEY (`id`),
  UNIQUE KEY `craft_categorygroups_name_unq_idx` (`name`),
  UNIQUE KEY `craft_categorygroups_handle_unq_idx` (`handle`),
  KEY `craft_categorygroups_structureId_fk` (`structureId`),
  KEY `craft_categorygroups_fieldLayoutId_fk` (`fieldLayoutId`)
) ENGINE=InnoDB DEFAULT CHARSET=utf8 COLLATE=utf8_unicode_ci;

DROP TABLE IF EXISTS `craft_categorygroups_i18n`;


--
-- Schema for table `craft_categorygroups_i18n`
--
CREATE TABLE `craft_categorygroups_i18n` (
  `id` int(11) NOT NULL AUTO_INCREMENT,
  `groupId` int(11) NOT NULL,
  `locale` char(12) COLLATE utf8_unicode_ci NOT NULL,
  `urlFormat` text COLLATE utf8_unicode_ci,
  `nestedUrlFormat` text COLLATE utf8_unicode_ci,
  `dateCreated` datetime NOT NULL,
  `dateUpdated` datetime NOT NULL,
  `uid` char(36) COLLATE utf8_unicode_ci NOT NULL DEFAULT '0',
  PRIMARY KEY (`id`),
  UNIQUE KEY `craft_categorygroups_i18n_groupId_locale_unq_idx` (`groupId`,`locale`),
  KEY `craft_categorygroups_i18n_locale_fk` (`locale`)
) ENGINE=InnoDB DEFAULT CHARSET=utf8 COLLATE=utf8_unicode_ci;

DROP TABLE IF EXISTS `craft_content`;


--
-- Schema for table `craft_content`
--
CREATE TABLE `craft_content` (
  `id` int(11) NOT NULL AUTO_INCREMENT,
  `elementId` int(11) NOT NULL,
  `locale` char(12) COLLATE utf8_unicode_ci NOT NULL,
  `title` varchar(255) COLLATE utf8_unicode_ci DEFAULT NULL,
  `field_body` text COLLATE utf8_unicode_ci,
  `field_blogSummary` text COLLATE utf8_unicode_ci,
  `field_ert` text COLLATE utf8_unicode_ci,
  `field_blogIndexTitle` text COLLATE utf8_unicode_ci,
  `field_blogIndexSubtitle` text COLLATE utf8_unicode_ci,
  `field_postTitle` text COLLATE utf8_unicode_ci,
  `field_postSubtitle` text COLLATE utf8_unicode_ci,
  `dateCreated` datetime NOT NULL,
  `dateUpdated` datetime NOT NULL,
  `uid` char(36) COLLATE utf8_unicode_ci NOT NULL DEFAULT '0',
  PRIMARY KEY (`id`),
  UNIQUE KEY `craft_content_elementId_locale_unq_idx` (`elementId`,`locale`),
  KEY `craft_content_title_idx` (`title`),
  KEY `craft_content_locale_fk` (`locale`)
) ENGINE=InnoDB AUTO_INCREMENT=17 DEFAULT CHARSET=utf8 COLLATE=utf8_unicode_ci;

--
-- Data for table `craft_content`
--

INSERT INTO `craft_content` (`id`, `elementId`, `locale`, `title`, `field_body`, `field_blogSummary`, `field_ert`, `field_blogIndexTitle`, `field_blogIndexSubtitle`, `field_postTitle`, `field_postSubtitle`, `dateCreated`, `dateUpdated`, `uid`) VALUES
 ('1', '1', 'en_us', NULL, NULL, NULL, NULL, NULL, NULL, NULL, NULL, '2017-02-21 21:10:15', '2017-02-22 17:02:40', '439f6f0c-419b-4d35-a8a2-c05052f3e621'),
 ('2', '2', 'en_us', 'Ryan\'s test blog', '<p>It’s true, this site doesn’t have a whole lot of content yet, but don’t worry. Our web developers have just installed the CMS, and they’re setting things up for the content editors this very moment. Soon Dev.blog.com will be an oasis of fresh perspectives, sharp analyses, and astute opinions that will keep you coming back again and again.</p>', NULL, NULL, 'Ryan Halls Kick<br>Ass Test Blog', 'This is a blog about nothing. Its main use is to prove that I can use craft<br />and don\'t write shit code... Some of this code is pretty shitty though', NULL, NULL, '2017-02-21 21:10:19', '2017-02-22 21:06:09', '1b125203-a3fb-492d-8835-804260ef8898'),
 ('3', '3', 'en_us', 'We just installed Craft!', '<p>Craft is the CMS that’s powering Dev.blog.com. It’s beautiful, powerful, flexible, and easy-to-use, and it’s made by Pixel &amp; Tonic. We can’t wait to dive in and see what it’s capable of!</p><!--pagebreak--><p>This is even more captivating content, which you couldn’t see on the News index page because it was entered after a Page Break, and the News index template only likes to show the content on the first page.</p><p>Craft: a nice alternative to Word, if you’re making a website.</p>', NULL, NULL, NULL, NULL, NULL, NULL, '2017-02-21 21:10:19', '2017-02-21 21:10:19', 'dea8a383-da7d-4f91-b7f3-c0612bc22da3'),
 ('4', '4', 'en_us', 'Hosting Static Files with S3 & CloudFront', NULL, 'The modern web is rich with photography, iconography, and video, but image-heavy sites can result in poor performance for the end user.', '1', NULL, NULL, 'Hosting Static Files with S3 & CloudFront', 'This is something', '2017-02-21 22:37:07', '2017-02-22 23:05:26', 'bead7017-d455-4598-abb2-276f2d35f6e6'),
 ('5', '6', 'en_us', 'blogpost', NULL, NULL, NULL, NULL, NULL, NULL, NULL, '2017-02-22 15:04:46', '2017-02-22 15:04:46', '284a220a-ba9f-4997-9cab-5601e938d3b0'),
 ('6', '7', 'en_us', 'another test', NULL, NULL, NULL, NULL, NULL, NULL, NULL, '2017-02-22 15:07:42', '2017-02-22 15:07:42', '43388c1d-b1c9-4302-84fb-29b545b8d4a3'),
 ('7', '8', 'en_us', 'Me', NULL, NULL, NULL, NULL, NULL, NULL, NULL, '2017-02-22 16:14:11', '2017-02-22 16:14:11', 'e3889f39-647e-49e8-a28c-acc247564324'),
 ('8', '9', 'en_us', 'Ryan', NULL, NULL, NULL, NULL, NULL, NULL, NULL, '2017-02-22 16:14:12', '2017-02-22 16:14:12', '79c32722-85b5-4c5a-bd41-b5933cc84acd'),
 ('9', '10', 'en_us', 'Designing an Exceptional Beer Experience', NULL, 'Following our Design on Tap event, we chatted with Eric Steen, and Bruce Kehe, from Hopworks Urban Brewery about branding beer.', '2', NULL, NULL, 'Designing an Exceptional Beer Experience', 'This is another test post!', '2017-02-22 16:15:31', '2017-02-22 21:30:40', 'd5e34cb0-091d-4ae5-a624-d667ed5b9a2a'),
 ('10', '12', 'en_us', 'Blog Back', NULL, NULL, NULL, NULL, NULL, NULL, NULL, '2017-02-22 18:57:02', '2017-02-22 18:57:02', 'f4328f05-4cdb-4a7f-8425-6f25fed2c716'),
 ('11', '13', 'en_us', 'Logos 04', NULL, NULL, NULL, NULL, NULL, NULL, NULL, '2017-02-22 21:30:16', '2017-02-22 21:30:16', 'fe019260-01f2-4086-beab-59097afb28fe'),
 ('12', '14', 'en_us', 'Static Assets With Amazon S3', NULL, NULL, NULL, NULL, NULL, NULL, NULL, '2017-02-22 21:30:17', '2017-02-22 21:30:17', 'f4dc6708-d3e8-4995-af27-45b44cae293f'),
 ('14', '16', 'en_us', 'Static  Assets With  Amazon S3 1', NULL, NULL, NULL, NULL, NULL, NULL, NULL, '2017-02-22 21:52:06', '2017-02-22 21:52:06', 'f27f7f24-7276-4b2d-af8b-e381d7660c77'),
 ('15', '23', 'en_us', 'Hosting Static Files with S3 & CloudFront', NULL, 'The modern web is rich with photography, iconography, and video, but image-heavy sites can result in poor performance for the end user.', '1', NULL, NULL, 'Hosting Static Files with S3 & CloudFront', 'This is something', '2017-02-23 00:03:50', '2017-02-23 00:03:52', 'd62ab4d7-3c12-4f85-ae13-d3819a486f68'),
 ('16', '31', 'en_us', 'Designing an Exceptional Beer Experience', NULL, 'Following our Design on Tap event, we chatted with Eric Steen, and Bruce Kehe, from Hopworks Urban Brewery about branding beer.', '2', NULL, NULL, 'Designing an Exceptional Beer Experience', 'This is another test post!', '2017-02-23 00:13:07', '2017-02-23 00:13:09', '78ec9db5-078c-43ae-b2d9-6b23880a8d18');



DROP TABLE IF EXISTS `craft_deprecationerrors`;


--
-- Schema for table `craft_deprecationerrors`
--
CREATE TABLE `craft_deprecationerrors` (
  `id` int(11) NOT NULL AUTO_INCREMENT,
  `key` varchar(255) COLLATE utf8_unicode_ci NOT NULL,
  `fingerprint` varchar(255) COLLATE utf8_unicode_ci NOT NULL,
  `lastOccurrence` datetime NOT NULL,
  `file` varchar(255) COLLATE utf8_unicode_ci NOT NULL,
  `line` smallint(6) unsigned NOT NULL,
  `class` varchar(255) COLLATE utf8_unicode_ci DEFAULT NULL,
  `method` varchar(255) COLLATE utf8_unicode_ci DEFAULT NULL,
  `template` varchar(255) COLLATE utf8_unicode_ci DEFAULT NULL,
  `templateLine` smallint(6) unsigned DEFAULT NULL,
  `message` varchar(255) COLLATE utf8_unicode_ci DEFAULT NULL,
  `traces` text COLLATE utf8_unicode_ci,
  `dateCreated` datetime NOT NULL,
  `dateUpdated` datetime NOT NULL,
  `uid` char(36) COLLATE utf8_unicode_ci NOT NULL DEFAULT '0',
  PRIMARY KEY (`id`),
  UNIQUE KEY `craft_deprecationerrors_key_fingerprint_unq_idx` (`key`,`fingerprint`)
) ENGINE=InnoDB DEFAULT CHARSET=utf8 COLLATE=utf8_unicode_ci;

DROP TABLE IF EXISTS `craft_elementindexsettings`;


--
-- Schema for table `craft_elementindexsettings`
--
CREATE TABLE `craft_elementindexsettings` (
  `id` int(11) NOT NULL AUTO_INCREMENT,
  `type` varchar(150) COLLATE utf8_unicode_ci NOT NULL,
  `settings` text COLLATE utf8_unicode_ci,
  `dateCreated` datetime NOT NULL,
  `dateUpdated` datetime NOT NULL,
  `uid` char(36) COLLATE utf8_unicode_ci NOT NULL DEFAULT '0',
  PRIMARY KEY (`id`),
  UNIQUE KEY `craft_elementindexsettings_type_unq_idx` (`type`)
) ENGINE=InnoDB DEFAULT CHARSET=utf8 COLLATE=utf8_unicode_ci;

DROP TABLE IF EXISTS `craft_elements`;


--
-- Schema for table `craft_elements`
--
CREATE TABLE `craft_elements` (
  `id` int(11) NOT NULL AUTO_INCREMENT,
  `type` varchar(150) COLLATE utf8_unicode_ci NOT NULL,
  `enabled` tinyint(1) unsigned NOT NULL DEFAULT '1',
  `archived` tinyint(1) unsigned NOT NULL DEFAULT '0',
  `dateCreated` datetime NOT NULL,
  `dateUpdated` datetime NOT NULL,
  `uid` char(36) COLLATE utf8_unicode_ci NOT NULL DEFAULT '0',
  PRIMARY KEY (`id`),
  KEY `craft_elements_type_idx` (`type`),
  KEY `craft_elements_enabled_idx` (`enabled`),
  KEY `craft_elements_archived_dateCreated_idx` (`archived`,`dateCreated`)
) ENGINE=InnoDB AUTO_INCREMENT=33 DEFAULT CHARSET=utf8 COLLATE=utf8_unicode_ci;

--
-- Data for table `craft_elements`
--

INSERT INTO `craft_elements` (`id`, `type`, `enabled`, `archived`, `dateCreated`, `dateUpdated`, `uid`) VALUES
 ('1', 'User', '1', '0', '2017-02-21 21:10:15', '2017-02-22 17:02:40', '7a8a3330-cf63-4ab7-8467-13c6ffdad543'),
 ('2', 'Entry', '1', '0', '2017-02-21 21:10:19', '2017-02-22 21:06:09', '157d9d36-7b24-4037-996b-e0d6bb147428'),
 ('3', 'Entry', '1', '0', '2017-02-21 21:10:19', '2017-02-21 21:10:19', '22a1cd7b-37ad-41f1-b22f-766989a7ee75'),
 ('4', 'Entry', '1', '0', '2017-02-21 22:37:07', '2017-02-22 23:05:26', 'f6aa4f0e-eba4-40bd-bb74-b7db75f75d10'),
 ('5', 'MatrixBlock', '1', '0', '2017-02-21 22:37:07', '2017-02-22 23:05:26', 'd761ca86-610f-4be2-bbad-2ead07532718'),
 ('6', 'Tag', '1', '0', '2017-02-22 15:04:46', '2017-02-22 15:04:46', '2194759e-6b53-4df1-a061-0df5f7806bf3'),
 ('7', 'Tag', '1', '0', '2017-02-22 15:07:42', '2017-02-22 15:07:42', '68337765-9932-4705-b1dc-3c1fa1fe70fd'),
 ('8', 'Asset', '1', '0', '2017-02-22 16:14:11', '2017-02-22 16:14:11', 'd6cf08ca-771e-4601-8d45-0198ae640594'),
 ('9', 'Asset', '1', '0', '2017-02-22 16:14:12', '2017-02-22 16:14:12', '7b19a5c6-1f0b-431e-b155-a5ddccef9409'),
 ('10', 'Entry', '1', '0', '2017-02-22 16:15:31', '2017-02-22 21:30:40', '1d2fb858-c860-4c96-80ff-c7f723a0e21f'),
 ('11', 'MatrixBlock', '1', '0', '2017-02-22 16:15:31', '2017-02-22 21:30:40', '2859e04e-03c3-4e94-a23f-5b5d6dec4f3a'),
 ('12', 'Asset', '1', '0', '2017-02-22 18:57:02', '2017-02-22 18:57:02', '2d20f873-239b-43b8-a82a-2cda2e653f28'),
 ('13', 'Asset', '1', '0', '2017-02-22 21:30:16', '2017-02-22 21:30:16', '29cdae6e-e719-432a-b60e-b33daf2630f0'),
 ('14', 'Asset', '1', '0', '2017-02-22 21:30:17', '2017-02-22 21:30:17', '864073f9-2556-4ea0-9ae7-c4616058c799'),
 ('16', 'Asset', '1', '0', '2017-02-22 21:52:06', '2017-02-22 21:52:06', 'a796e743-5847-4f72-9507-cd08b3d0b43d'),
 ('17', 'MatrixBlock', '1', '0', '2017-02-22 21:54:22', '2017-02-22 23:05:26', '8162cc9b-457e-437e-a17a-49fcf434be02'),
 ('18', 'MatrixBlock', '1', '0', '2017-02-22 21:54:22', '2017-02-22 23:05:26', 'd2c7d483-75f5-437e-8733-a46a312ac457'),
 ('19', 'MatrixBlock', '1', '0', '2017-02-22 21:54:22', '2017-02-22 23:05:26', '2d6875ed-ae07-4712-9f0a-5362cdadbe4f'),
 ('20', 'MatrixBlock', '1', '0', '2017-02-22 21:54:22', '2017-02-22 23:05:26', '0ffa0365-6c09-432a-aa5a-dd970352f559'),
 ('21', 'MatrixBlock', '1', '0', '2017-02-22 23:05:26', '2017-02-22 23:05:26', 'bd8865f8-1884-4a60-ac7b-b3fab75ff8f9'),
 ('22', 'MatrixBlock', '1', '0', '2017-02-22 23:05:26', '2017-02-22 23:05:26', '313af82f-9921-4269-b5e2-8db7dfc5551c'),
 ('23', 'Entry', '1', '0', '2017-02-23 00:03:50', '2017-02-23 00:03:52', 'ed424488-f152-4e50-9989-1745b2964cee'),
 ('24', 'MatrixBlock', '1', '0', '2017-02-23 00:03:50', '2017-02-23 00:03:53', 'e58df091-17b1-4a13-970d-b6e0044129ba'),
 ('25', 'MatrixBlock', '1', '0', '2017-02-23 00:03:50', '2017-02-23 00:03:53', '22e4b7d8-09af-4740-ab89-8ebcb5355de0'),
 ('26', 'MatrixBlock', '1', '0', '2017-02-23 00:03:50', '2017-02-23 00:03:53', '88a2e7ed-5f9d-4d39-b7f8-5fa0b7f216d9'),
 ('27', 'MatrixBlock', '1', '0', '2017-02-23 00:03:50', '2017-02-23 00:03:53', '2a2c2674-ec2c-4177-825b-cea995923414'),
 ('28', 'MatrixBlock', '1', '0', '2017-02-23 00:03:50', '2017-02-23 00:03:53', '16ff57a0-d7d6-49ff-b2a5-c981250d0242'),
 ('29', 'MatrixBlock', '1', '0', '2017-02-23 00:03:50', '2017-02-23 00:03:53', '29f54f4f-cd3e-4ce9-8964-1fc75fb99d0f'),
 ('30', 'MatrixBlock', '1', '0', '2017-02-23 00:03:50', '2017-02-23 00:03:53', '21d97b40-18d6-4f6c-9013-ef54fd1a4bbf'),
 ('31', 'Entry', '1', '0', '2017-02-23 00:13:07', '2017-02-23 00:13:09', '7604946c-8ca2-4487-ab5c-5291d2270666'),
 ('32', 'MatrixBlock', '1', '0', '2017-02-23 00:13:07', '2017-02-23 00:13:09', 'b3141ef9-0676-43fd-ab69-60d860230ac7');



DROP TABLE IF EXISTS `craft_elements_i18n`;


--
-- Schema for table `craft_elements_i18n`
--
CREATE TABLE `craft_elements_i18n` (
  `id` int(11) NOT NULL AUTO_INCREMENT,
  `elementId` int(11) NOT NULL,
  `locale` char(12) COLLATE utf8_unicode_ci NOT NULL,
  `slug` varchar(255) COLLATE utf8_unicode_ci DEFAULT NULL,
  `uri` varchar(255) COLLATE utf8_unicode_ci DEFAULT NULL,
  `enabled` tinyint(1) unsigned NOT NULL DEFAULT '1',
  `dateCreated` datetime NOT NULL,
  `dateUpdated` datetime NOT NULL,
  `uid` char(36) COLLATE utf8_unicode_ci NOT NULL DEFAULT '0',
  PRIMARY KEY (`id`),
  UNIQUE KEY `craft_elements_i18n_elementId_locale_unq_idx` (`elementId`,`locale`),
  UNIQUE KEY `craft_elements_i18n_uri_locale_unq_idx` (`uri`,`locale`),
  KEY `craft_elements_i18n_slug_locale_idx` (`slug`,`locale`),
  KEY `craft_elements_i18n_enabled_idx` (`enabled`),
  KEY `craft_elements_i18n_locale_fk` (`locale`)
) ENGINE=InnoDB AUTO_INCREMENT=33 DEFAULT CHARSET=utf8 COLLATE=utf8_unicode_ci;

--
-- Data for table `craft_elements_i18n`
--

INSERT INTO `craft_elements_i18n` (`id`, `elementId`, `locale`, `slug`, `uri`, `enabled`, `dateCreated`, `dateUpdated`, `uid`) VALUES
 ('1', '1', 'en_us', '', NULL, '1', '2017-02-21 21:10:15', '2017-02-22 17:02:40', '215355bf-7174-4326-8ab6-552fc4486403'),
 ('2', '2', 'en_us', 'homepage', '__home__', '1', '2017-02-21 21:10:19', '2017-02-22 21:06:09', 'dd7b813f-f319-4199-b0a6-273d6fec30ae'),
 ('3', '3', 'en_us', 'we-just-installed-craft', 'news/2017/we-just-installed-craft', '1', '2017-02-21 21:10:19', '2017-02-21 21:10:19', '4e0eac2c-5eae-4cbf-a628-70036da7b824'),
 ('4', '4', 'en_us', 'the-first-post', 'blog/the-first-post', '1', '2017-02-21 22:37:07', '2017-02-22 23:05:26', '9cec54ae-f4c2-49b2-81de-7ee1f504bf20'),
 ('5', '5', 'en_us', '', NULL, '1', '2017-02-21 22:37:07', '2017-02-22 23:05:26', 'ba69b037-84d2-44de-8174-80ea94dda172'),
 ('6', '6', 'en_us', 'blogpost', NULL, '1', '2017-02-22 15:04:46', '2017-02-22 15:04:46', '43e5b5af-eb70-4d1e-9489-524ffa27b083'),
 ('7', '7', 'en_us', 'another-test', NULL, '1', '2017-02-22 15:07:42', '2017-02-22 15:07:42', '59128fbc-d8f9-4efe-b16f-91f457ccdd24'),
 ('8', '8', 'en_us', 'me', NULL, '1', '2017-02-22 16:14:11', '2017-02-22 16:14:11', '8965a55a-54d4-4e61-a9e9-d7e744bdf92e'),
 ('9', '9', 'en_us', 'ryan', NULL, '1', '2017-02-22 16:14:12', '2017-02-22 16:14:12', '6a0f2ce5-0db2-49c4-8291-f2d0e0d87a9e'),
 ('10', '10', 'en_us', 'another-test-post', 'blog/another-test-post', '1', '2017-02-22 16:15:31', '2017-02-22 21:30:40', '259a2192-0bc8-4b67-93a5-f466e34d93fe'),
 ('11', '11', 'en_us', '', NULL, '1', '2017-02-22 16:15:31', '2017-02-22 21:30:40', '4b396de5-f5f8-478a-8f5a-a6ce6548ac47'),
 ('12', '12', 'en_us', 'blog-back', NULL, '1', '2017-02-22 18:57:02', '2017-02-22 18:57:02', '9c7c880c-3e91-40a3-a058-43faab21c862'),
 ('13', '13', 'en_us', 'logos-04', NULL, '1', '2017-02-22 21:30:16', '2017-02-22 21:30:16', '9ba47680-0f73-463a-914b-34ae90672527'),
 ('14', '14', 'en_us', 'static-assets-with-amazon-s3', NULL, '1', '2017-02-22 21:30:17', '2017-02-22 21:30:17', '0c4e5438-3d41-4da3-bbc4-c8ba02ab2f30'),
 ('16', '16', 'en_us', 'static-assets-with-amazon-s3-1', NULL, '1', '2017-02-22 21:52:06', '2017-02-22 21:52:06', '5c93abb4-96c7-4de0-8bed-3ee4b9f95cee'),
 ('17', '17', 'en_us', '', NULL, '1', '2017-02-22 21:54:22', '2017-02-22 23:05:26', 'da842e76-66a7-4e7c-872e-de372e35bbf1'),
 ('18', '18', 'en_us', '', NULL, '1', '2017-02-22 21:54:22', '2017-02-22 23:05:26', '7a2a4d43-e9a0-4343-9845-60b46212905b'),
 ('19', '19', 'en_us', '', NULL, '1', '2017-02-22 21:54:22', '2017-02-22 23:05:26', 'e8de03a5-e726-4c67-942e-a4f740ff0400'),
 ('20', '20', 'en_us', '', NULL, '1', '2017-02-22 21:54:22', '2017-02-22 23:05:26', 'e492f6b5-1da9-4696-86b8-69596ee65152'),
 ('21', '21', 'en_us', '', NULL, '1', '2017-02-22 23:05:26', '2017-02-22 23:05:26', '06a5149c-5126-4c0f-a83a-5b0373f2f88a'),
 ('22', '22', 'en_us', '', NULL, '1', '2017-02-22 23:05:26', '2017-02-22 23:05:26', 'e2f49c08-4e72-4a69-be37-8a91e4186031'),
 ('23', '23', 'en_us', 'the-first-post-1', 'blog/the-first-post-1', '1', '2017-02-23 00:03:50', '2017-02-23 00:03:53', 'a26cadcc-be59-4a93-a581-ff38272acae0'),
 ('24', '24', 'en_us', '', NULL, '1', '2017-02-23 00:03:50', '2017-02-23 00:03:53', '98c2cab7-544f-4a74-a0b6-7cce2a164f56'),
 ('25', '25', 'en_us', '', NULL, '1', '2017-02-23 00:03:50', '2017-02-23 00:03:53', '508ac761-d82a-4120-bcd0-a8296a254ca5'),
 ('26', '26', 'en_us', '', NULL, '1', '2017-02-23 00:03:50', '2017-02-23 00:03:53', '8ffe4214-ce09-41cc-86cd-2c180867a9af'),
 ('27', '27', 'en_us', '', NULL, '1', '2017-02-23 00:03:50', '2017-02-23 00:03:53', '1fd324b1-5770-4335-92e6-b5cd6c8c48ae'),
 ('28', '28', 'en_us', '', NULL, '1', '2017-02-23 00:03:50', '2017-02-23 00:03:53', '43f2755a-b46d-4ce3-a0ed-fe78f700fff7'),
 ('29', '29', 'en_us', '', NULL, '1', '2017-02-23 00:03:50', '2017-02-23 00:03:53', '0d27982c-c102-45a9-877d-7fccb5e2c029'),
 ('30', '30', 'en_us', '', NULL, '1', '2017-02-23 00:03:50', '2017-02-23 00:03:53', 'aced0948-a4c4-4fd2-95fd-c1794e95aa16'),
 ('31', '31', 'en_us', 'another-test-post-1', 'blog/another-test-post-1', '1', '2017-02-23 00:13:07', '2017-02-23 00:13:09', 'c95a639f-2fa0-45f0-8614-426f6f61ffa6'),
 ('32', '32', 'en_us', '', NULL, '1', '2017-02-23 00:13:07', '2017-02-23 00:13:09', 'e4bed31f-7314-41fe-9913-54211e50c496');



DROP TABLE IF EXISTS `craft_emailmessages`;


--
-- Schema for table `craft_emailmessages`
--
CREATE TABLE `craft_emailmessages` (
  `id` int(11) NOT NULL AUTO_INCREMENT,
  `key` char(150) COLLATE utf8_unicode_ci NOT NULL,
  `locale` char(12) COLLATE utf8_unicode_ci NOT NULL,
  `subject` varchar(1000) COLLATE utf8_unicode_ci NOT NULL,
  `body` text COLLATE utf8_unicode_ci NOT NULL,
  `dateCreated` datetime NOT NULL,
  `dateUpdated` datetime NOT NULL,
  `uid` char(36) COLLATE utf8_unicode_ci NOT NULL DEFAULT '0',
  PRIMARY KEY (`id`),
  UNIQUE KEY `craft_emailmessages_key_locale_unq_idx` (`key`,`locale`),
  KEY `craft_emailmessages_locale_fk` (`locale`)
) ENGINE=InnoDB DEFAULT CHARSET=utf8 COLLATE=utf8_unicode_ci;

DROP TABLE IF EXISTS `craft_entries`;


--
-- Schema for table `craft_entries`
--
CREATE TABLE `craft_entries` (
  `id` int(11) NOT NULL,
  `sectionId` int(11) NOT NULL,
  `typeId` int(11) DEFAULT NULL,
  `authorId` int(11) DEFAULT NULL,
  `postDate` datetime DEFAULT NULL,
  `expiryDate` datetime DEFAULT NULL,
  `dateCreated` datetime NOT NULL,
  `dateUpdated` datetime NOT NULL,
  `uid` char(36) COLLATE utf8_unicode_ci NOT NULL DEFAULT '0',
  PRIMARY KEY (`id`),
  KEY `craft_entries_sectionId_idx` (`sectionId`),
  KEY `craft_entries_typeId_idx` (`typeId`),
  KEY `craft_entries_postDate_idx` (`postDate`),
  KEY `craft_entries_expiryDate_idx` (`expiryDate`),
  KEY `craft_entries_authorId_fk` (`authorId`)
) ENGINE=InnoDB DEFAULT CHARSET=utf8 COLLATE=utf8_unicode_ci;

--
-- Data for table `craft_entries`
--

INSERT INTO `craft_entries` (`id`, `sectionId`, `typeId`, `authorId`, `postDate`, `expiryDate`, `dateCreated`, `dateUpdated`, `uid`) VALUES
 ('2', '1', NULL, NULL, '2017-02-21 21:10:19', NULL, '2017-02-21 21:10:19', '2017-02-22 21:06:09', 'a2f851e0-34a9-4330-bb50-d966195a6cd3'),
 ('3', '2', '2', '1', '2017-02-21 21:10:19', NULL, '2017-02-21 21:10:19', '2017-02-21 21:10:19', 'ce762f0b-677a-4268-90a0-978b57f964e7'),
 ('4', '3', '3', '1', '2017-02-21 22:37:00', NULL, '2017-02-21 22:37:07', '2017-02-22 23:05:26', '97955a17-8166-4484-a37b-7da62da05e83'),
 ('10', '3', '3', '1', '2017-02-22 16:15:00', NULL, '2017-02-22 16:15:31', '2017-02-22 21:30:40', '0e6e41f1-32dc-4af4-8526-d182302af313'),
 ('23', '3', '3', '1', '2017-02-21 22:37:00', NULL, '2017-02-23 00:03:50', '2017-02-23 00:03:53', '8b154c4f-a8ae-4e7c-9855-70810c1db5ee'),
 ('31', '3', '3', '1', '2017-02-22 16:15:00', NULL, '2017-02-23 00:13:08', '2017-02-23 00:13:09', '85dfc2cb-051b-4011-af99-878792d6f391');



DROP TABLE IF EXISTS `craft_entrydrafts`;


--
-- Schema for table `craft_entrydrafts`
--
CREATE TABLE `craft_entrydrafts` (
  `id` int(11) NOT NULL AUTO_INCREMENT,
  `entryId` int(11) NOT NULL,
  `sectionId` int(11) NOT NULL,
  `creatorId` int(11) NOT NULL,
  `locale` char(12) COLLATE utf8_unicode_ci NOT NULL,
  `name` varchar(255) COLLATE utf8_unicode_ci NOT NULL,
  `notes` tinytext COLLATE utf8_unicode_ci,
  `data` mediumtext COLLATE utf8_unicode_ci NOT NULL,
  `dateCreated` datetime NOT NULL,
  `dateUpdated` datetime NOT NULL,
  `uid` char(36) COLLATE utf8_unicode_ci NOT NULL DEFAULT '0',
  PRIMARY KEY (`id`),
  KEY `craft_entrydrafts_entryId_locale_idx` (`entryId`,`locale`),
  KEY `craft_entrydrafts_sectionId_fk` (`sectionId`),
  KEY `craft_entrydrafts_creatorId_fk` (`creatorId`),
  KEY `craft_entrydrafts_locale_fk` (`locale`)
) ENGINE=InnoDB DEFAULT CHARSET=utf8 COLLATE=utf8_unicode_ci;

DROP TABLE IF EXISTS `craft_entrytypes`;


--
-- Schema for table `craft_entrytypes`
--
CREATE TABLE `craft_entrytypes` (
  `id` int(11) NOT NULL AUTO_INCREMENT,
  `sectionId` int(11) NOT NULL,
  `fieldLayoutId` int(11) DEFAULT NULL,
  `name` varchar(255) COLLATE utf8_unicode_ci NOT NULL,
  `handle` varchar(255) COLLATE utf8_unicode_ci NOT NULL,
  `hasTitleField` tinyint(1) unsigned NOT NULL DEFAULT '1',
  `titleLabel` varchar(255) COLLATE utf8_unicode_ci DEFAULT 'Title',
  `titleFormat` varchar(255) COLLATE utf8_unicode_ci DEFAULT NULL,
  `sortOrder` smallint(6) unsigned DEFAULT NULL,
  `dateCreated` datetime NOT NULL,
  `dateUpdated` datetime NOT NULL,
  `uid` char(36) COLLATE utf8_unicode_ci NOT NULL DEFAULT '0',
  PRIMARY KEY (`id`),
  UNIQUE KEY `craft_entrytypes_name_sectionId_unq_idx` (`name`,`sectionId`),
  UNIQUE KEY `craft_entrytypes_handle_sectionId_unq_idx` (`handle`,`sectionId`),
  KEY `craft_entrytypes_sectionId_fk` (`sectionId`),
  KEY `craft_entrytypes_fieldLayoutId_fk` (`fieldLayoutId`)
) ENGINE=InnoDB AUTO_INCREMENT=4 DEFAULT CHARSET=utf8 COLLATE=utf8_unicode_ci;

--
-- Data for table `craft_entrytypes`
--

INSERT INTO `craft_entrytypes` (`id`, `sectionId`, `fieldLayoutId`, `name`, `handle`, `hasTitleField`, `titleLabel`, `titleFormat`, `sortOrder`, `dateCreated`, `dateUpdated`, `uid`) VALUES
 ('1', '1', '27', 'Homepage', 'homepage', '1', 'Title', NULL, '1', '2017-02-21 21:10:19', '2017-02-21 22:29:43', '7f4a67fc-78f6-413c-b368-c75eb8b05183'),
 ('2', '2', '5', 'News', 'news', '1', 'Title', NULL, '1', '2017-02-21 21:10:19', '2017-02-21 21:10:19', '94d5236d-96ad-4af4-9929-739b368c3daa'),
 ('3', '3', '29', 'Blog', 'blog', '1', 'Title', NULL, '1', '2017-02-21 21:44:56', '2017-02-22 15:04:26', 'ed1c5a6c-fc8b-444e-9cfd-3387417953a0');



DROP TABLE IF EXISTS `craft_entryversions`;


--
-- Schema for table `craft_entryversions`
--
CREATE TABLE `craft_entryversions` (
  `id` int(11) NOT NULL AUTO_INCREMENT,
  `entryId` int(11) NOT NULL,
  `sectionId` int(11) NOT NULL,
  `creatorId` int(11) DEFAULT NULL,
  `locale` char(12) COLLATE utf8_unicode_ci NOT NULL,
  `num` smallint(6) unsigned NOT NULL,
  `notes` tinytext COLLATE utf8_unicode_ci,
  `data` mediumtext COLLATE utf8_unicode_ci NOT NULL,
  `dateCreated` datetime NOT NULL,
  `dateUpdated` datetime NOT NULL,
  `uid` char(36) COLLATE utf8_unicode_ci NOT NULL DEFAULT '0',
  PRIMARY KEY (`id`),
  KEY `craft_entryversions_entryId_locale_idx` (`entryId`,`locale`),
  KEY `craft_entryversions_sectionId_fk` (`sectionId`),
  KEY `craft_entryversions_creatorId_fk` (`creatorId`),
  KEY `craft_entryversions_locale_fk` (`locale`)
) ENGINE=InnoDB AUTO_INCREMENT=26 DEFAULT CHARSET=utf8 COLLATE=utf8_unicode_ci;

--
-- Data for table `craft_entryversions`
--

INSERT INTO `craft_entryversions` (`id`, `entryId`, `sectionId`, `creatorId`, `locale`, `num`, `notes`, `data`, `dateCreated`, `dateUpdated`, `uid`) VALUES
 ('1', '2', '1', '1', 'en_us', '1', NULL, '{\"typeId\":\"1\",\"authorId\":null,\"title\":\"Homepage\",\"slug\":\"homepage\",\"postDate\":1487711419,\"expiryDate\":null,\"enabled\":1,\"parentId\":null,\"fields\":[]}', '2017-02-21 21:10:19', '2017-02-21 21:10:19', '4e8ed094-e9ad-4a3c-a33a-6cc60480269a'),
 ('2', '2', '1', '1', 'en_us', '2', NULL, '{\"typeId\":null,\"authorId\":null,\"title\":\"Welcome to Dev.blog.com!\",\"slug\":\"homepage\",\"postDate\":1487711419,\"expiryDate\":null,\"enabled\":\"1\",\"parentId\":null,\"fields\":{\"1\":\"<p>It\\u2019s true, this site doesn\\u2019t have a whole lot of content yet, but don\\u2019t worry. Our web developers have just installed the CMS, and they\\u2019re setting things up for the content editors this very moment. Soon Dev.blog.com will be an oasis of fresh perspectives, sharp analyses, and astute opinions that will keep you coming back again and again.<\\/p>\"}}', '2017-02-21 21:10:19', '2017-02-21 21:10:19', '398edf03-7723-4c41-998e-9d4172d3e3ec'),
 ('3', '3', '2', '1', 'en_us', '1', NULL, '{\"typeId\":\"2\",\"authorId\":\"1\",\"title\":\"We just installed Craft!\",\"slug\":\"we-just-installed-craft\",\"postDate\":1487711419,\"expiryDate\":null,\"enabled\":1,\"parentId\":null,\"fields\":[]}', '2017-02-21 21:10:19', '2017-02-21 21:10:19', '0eb2379b-4582-4ce1-a70e-9b74d8c0f5d9'),
 ('4', '4', '3', '1', 'en_us', '1', '', '{\"typeId\":null,\"authorId\":\"1\",\"title\":\"The First Post!\",\"slug\":\"the-first-post\",\"postDate\":1487716627,\"expiryDate\":null,\"enabled\":1,\"parentId\":null,\"fields\":{\"3\":{\"new2\":{\"type\":\"textBlock\",\"enabled\":\"1\",\"fields\":{\"textBlock\":\"<p>text<\\/p>\"}}},\"12\":\"This is a post about nothing. This is just here to fill space and make the page look nice\",\"13\":\"1\",\"16\":\"\",\"19\":\"This is something\",\"18\":\"The First Post\",\"2\":\"\",\"17\":\"\"}}', '2017-02-21 22:37:07', '2017-02-21 22:37:07', '815d2c76-bbea-4087-9c74-ed7200733ccd'),
 ('5', '2', '1', '1', 'en_us', '3', '', '{\"typeId\":null,\"authorId\":null,\"title\":\"Welcome to Dev.blog.com!\",\"slug\":\"homepage\",\"postDate\":1487711419,\"expiryDate\":null,\"enabled\":1,\"parentId\":null,\"fields\":{\"15\":\"this is a small subtitle for the blog\",\"14\":\"THIS IS THE BLOG\",\"1\":\"<p>It\\u2019s true, this site doesn\\u2019t have a whole lot of content yet, but don\\u2019t worry. Our web developers have just installed the CMS, and they\\u2019re setting things up for the content editors this very moment. Soon Dev.blog.com will be an oasis of fresh perspectives, sharp analyses, and astute opinions that will keep you coming back again and again.<\\/p>\",\"16\":\"\"}}', '2017-02-21 22:38:37', '2017-02-21 22:38:37', '4c4bb5dd-d151-4e7b-b295-2ced6d4b8eab'),
 ('6', '4', '3', '1', 'en_us', '2', '', '{\"typeId\":\"3\",\"authorId\":\"1\",\"title\":\"The First Post!\",\"slug\":\"the-first-post\",\"postDate\":1487716620,\"expiryDate\":null,\"enabled\":1,\"parentId\":null,\"fields\":{\"3\":{\"5\":{\"type\":\"textBlock\",\"enabled\":\"1\",\"fields\":{\"textBlock\":\"<p>text<\\/p>\"}}},\"12\":\"This is a post about nothing. This is just here to fill space and make the page look nice\",\"13\":\"1\",\"16\":\"\",\"19\":\"This is something\",\"18\":\"The First Post\",\"2\":\"\",\"20\":[\"6\"],\"17\":\"\"}}', '2017-02-22 15:04:49', '2017-02-22 15:04:49', '3051796e-b8ca-4b56-87fe-333485e28426'),
 ('7', '4', '3', '1', 'en_us', '3', '', '{\"typeId\":\"3\",\"authorId\":\"1\",\"title\":\"The First Post!\",\"slug\":\"the-first-post\",\"postDate\":1487716620,\"expiryDate\":null,\"enabled\":1,\"parentId\":null,\"fields\":{\"3\":{\"5\":{\"type\":\"textBlock\",\"enabled\":\"1\",\"fields\":{\"textBlock\":\"<p>text<\\/p>\"}}},\"12\":\"This is a post about nothing. This is just here to fill space and make the page look nice\",\"13\":\"1\",\"16\":\"\",\"19\":\"This is something\",\"18\":\"The First Post\",\"2\":\"\",\"20\":[\"6\",\"7\"],\"17\":\"\"}}', '2017-02-22 15:07:44', '2017-02-22 15:07:44', '9d79b878-0771-4291-ab2b-0ff761205f86'),
 ('8', '10', '3', '1', 'en_us', '1', '', '{\"typeId\":null,\"authorId\":\"1\",\"title\":\"Another test post\",\"slug\":\"another-test-post\",\"postDate\":1487780130,\"expiryDate\":null,\"enabled\":1,\"parentId\":null,\"fields\":{\"3\":{\"new1\":{\"type\":\"textBlock\",\"enabled\":\"1\",\"fields\":{\"textBlock\":\"<p>test post&nbsp;test post&nbsp;test post&nbsp;test post&nbsp;test post&nbsp;test post&nbsp;test post&nbsp;test post&nbsp;test post&nbsp;<\\/p>\"}}},\"12\":\"Just in case you missed it. This is another test post\",\"13\":\"2\",\"16\":[\"8\"],\"19\":\"This is another test post!\",\"18\":\"Another Test Post!\",\"2\":\"\",\"20\":[\"6\"],\"17\":[\"9\"]}}', '2017-02-22 16:15:31', '2017-02-22 16:15:31', 'ee3b7b69-3b6e-4ba5-b404-10c7885c4146'),
 ('9', '2', '1', '1', 'en_us', '4', '', '{\"typeId\":null,\"authorId\":null,\"title\":\"Ryan\'s test blog\",\"slug\":\"homepage\",\"postDate\":1487711419,\"expiryDate\":null,\"enabled\":1,\"parentId\":null,\"fields\":{\"15\":\"This is a blog about nothing. It\'s main use is to prove that I can use craft and don\'t write shit code... Some of this code is pretty shitty\",\"14\":\"Ryan Halls Kick Ass Test Blog\",\"1\":\"<p>It\\u2019s true, this site doesn\\u2019t have a whole lot of content yet, but don\\u2019t worry. Our web developers have just installed the CMS, and they\\u2019re setting things up for the content editors this very moment. Soon Dev.blog.com will be an oasis of fresh perspectives, sharp analyses, and astute opinions that will keep you coming back again and again.<\\/p>\",\"16\":[\"12\"]}}', '2017-02-22 18:59:06', '2017-02-22 18:59:06', '42c34841-7d94-4a00-914f-802ce0732977'),
 ('10', '2', '1', '1', 'en_us', '5', '', '{\"typeId\":null,\"authorId\":null,\"title\":\"Ryan\'s test blog\",\"slug\":\"homepage\",\"postDate\":1487711419,\"expiryDate\":null,\"enabled\":1,\"parentId\":null,\"fields\":{\"15\":\"This is a blog about nothing. It\'s main use is to prove that I can use craft and don\'t write shit code... Some of this code is pretty shitty though\",\"14\":\"Ryan Halls Kick Ass Test Blog\",\"1\":\"<p>It\\u2019s true, this site doesn\\u2019t have a whole lot of content yet, but don\\u2019t worry. Our web developers have just installed the CMS, and they\\u2019re setting things up for the content editors this very moment. Soon Dev.blog.com will be an oasis of fresh perspectives, sharp analyses, and astute opinions that will keep you coming back again and again.<\\/p>\",\"16\":[\"12\"]}}', '2017-02-22 19:07:42', '2017-02-22 19:07:42', '308259b0-2ac0-4a27-ae45-d714876a3c73'),
 ('11', '2', '1', '1', 'en_us', '6', '', '{\"typeId\":null,\"authorId\":null,\"title\":\"Ryan\'s test blog\",\"slug\":\"homepage\",\"postDate\":1487711419,\"expiryDate\":null,\"enabled\":1,\"parentId\":null,\"fields\":{\"15\":\"<p>This is a blog about nothing. It\'s main use is to prove that I can use craft and don\'t write shit code... Some of this code is pretty shitty though<\\/p>\",\"14\":\"<p>Ryan Halls Kick&lt;br \\/&gt;Ass Test Blog<\\/p>\",\"1\":\"<p>It\\u2019s true, this site doesn\\u2019t have a whole lot of content yet, but don\\u2019t worry. Our web developers have just installed the CMS, and they\\u2019re setting things up for the content editors this very moment. Soon Dev.blog.com will be an oasis of fresh perspectives, sharp analyses, and astute opinions that will keep you coming back again and again.<\\/p>\",\"16\":[\"12\"]}}', '2017-02-22 19:42:28', '2017-02-22 19:42:28', '86707105-1dcf-445a-b8f5-7b0efa33cb8f'),
 ('12', '2', '1', '1', 'en_us', '7', '', '{\"typeId\":null,\"authorId\":null,\"title\":\"Ryan\'s test blog\",\"slug\":\"homepage\",\"postDate\":1487711419,\"expiryDate\":null,\"enabled\":1,\"parentId\":null,\"fields\":{\"15\":\"<p>This is a blog about nothing. It\'s main use is to prove that I can use craft and don\'t write shit code... Some of this code is pretty shitty though<\\/p>\",\"14\":\"<p>Ryan Halls Kick<br \\/>Ass Test Blog<\\/p>\",\"1\":\"<p>It\\u2019s true, this site doesn\\u2019t have a whole lot of content yet, but don\\u2019t worry. Our web developers have just installed the CMS, and they\\u2019re setting things up for the content editors this very moment. Soon Dev.blog.com will be an oasis of fresh perspectives, sharp analyses, and astute opinions that will keep you coming back again and again.<\\/p>\",\"16\":[\"12\"]}}', '2017-02-22 19:43:56', '2017-02-22 19:43:56', '1c9f072d-f698-4213-9ede-1bbcf16e38bb'),
 ('13', '2', '1', '1', 'en_us', '8', '', '{\"typeId\":null,\"authorId\":null,\"title\":\"Ryan\'s test blog\",\"slug\":\"homepage\",\"postDate\":1487711419,\"expiryDate\":null,\"enabled\":1,\"parentId\":null,\"fields\":{\"15\":\"This is a blog about nothing. Its main use is to<br \\/>prove that I can use craft and don\'t write shit<br \\/>code... Some of this code is pretty shitty though\",\"14\":\"Ryan Halls Kick<br>Ass Test Blog\",\"1\":\"<p>It\\u2019s true, this site doesn\\u2019t have a whole lot of content yet, but don\\u2019t worry. Our web developers have just installed the CMS, and they\\u2019re setting things up for the content editors this very moment. Soon Dev.blog.com will be an oasis of fresh perspectives, sharp analyses, and astute opinions that will keep you coming back again and again.<\\/p>\",\"16\":[\"12\"]}}', '2017-02-22 19:45:45', '2017-02-22 19:45:45', 'a5ed1fe4-e016-4fcc-b866-7eded58a5f92'),
 ('14', '2', '1', '1', 'en_us', '9', '', '{\"typeId\":null,\"authorId\":null,\"title\":\"Ryan\'s test blog\",\"slug\":\"homepage\",\"postDate\":1487711419,\"expiryDate\":null,\"enabled\":1,\"parentId\":null,\"fields\":{\"15\":\"This is a blog about nothing. Its main use is to prove that I can use craft<br \\/>and don\'t write shit code... Some of this code is pretty shitty though\",\"14\":\"Ryan Halls Kick<br>Ass Test Blog\",\"1\":\"<p>It\\u2019s true, this site doesn\\u2019t have a whole lot of content yet, but don\\u2019t worry. Our web developers have just installed the CMS, and they\\u2019re setting things up for the content editors this very moment. Soon Dev.blog.com will be an oasis of fresh perspectives, sharp analyses, and astute opinions that will keep you coming back again and again.<\\/p>\",\"16\":[\"12\"]}}', '2017-02-22 21:06:09', '2017-02-22 21:06:09', 'b73c3a1d-be28-4d85-85af-41ac241575ee'),
 ('15', '4', '3', '1', 'en_us', '4', '', '{\"typeId\":\"3\",\"authorId\":\"1\",\"title\":\"Hosting Static Files with S3 & CloudFront\",\"slug\":\"the-first-post\",\"postDate\":1487716620,\"expiryDate\":null,\"enabled\":1,\"parentId\":null,\"fields\":{\"3\":{\"5\":{\"type\":\"textBlock\",\"enabled\":\"1\",\"fields\":{\"textBlock\":\"<p>text<\\/p>\"}}},\"12\":\"The modern web is rich with photography, iconography, and video, but image-heavy sites can result in poor performance for the end user.\",\"13\":\"1\",\"16\":\"\",\"19\":\"This is something\",\"18\":\"Hosting Static Files with S3 & CloudFront\",\"2\":\"\",\"20\":[\"6\",\"7\"],\"17\":\"\"}}', '2017-02-22 21:27:54', '2017-02-22 21:27:54', '640cc20a-89c0-467b-9c97-5a717aa271ef'),
 ('16', '10', '3', '1', 'en_us', '2', '', '{\"typeId\":\"3\",\"authorId\":\"1\",\"title\":\"Designing an Exceptional Beer Experience\",\"slug\":\"another-test-post\",\"postDate\":1487780100,\"expiryDate\":null,\"enabled\":1,\"parentId\":null,\"fields\":{\"3\":{\"11\":{\"type\":\"textBlock\",\"enabled\":\"1\",\"fields\":{\"textBlock\":\"<p>Following our Design on Tap event, we chatted with Eric Steen, and Bruce Kehe, from Hopworks Urban Brewery about branding beer.<\\/p>\"}}},\"12\":\"Following our Design on Tap event, we chatted with Eric Steen, and Bruce Kehe, from Hopworks Urban Brewery about branding beer.\",\"13\":\"2\",\"16\":[\"8\"],\"19\":\"This is another test post!\",\"18\":\"Designing an Exceptional Beer Experience\",\"2\":\"\",\"20\":[\"6\"],\"17\":[\"9\"]}}', '2017-02-22 21:28:20', '2017-02-22 21:28:20', '6613b8c1-b6ed-421d-8389-80c9fc6795c0'),
 ('17', '10', '3', '1', 'en_us', '3', '', '{\"typeId\":\"3\",\"authorId\":\"1\",\"title\":\"Designing an Exceptional Beer Experience\",\"slug\":\"another-test-post\",\"postDate\":1487780100,\"expiryDate\":null,\"enabled\":1,\"parentId\":null,\"fields\":{\"3\":{\"11\":{\"type\":\"textBlock\",\"enabled\":\"1\",\"fields\":{\"textBlock\":\"<p>Following our Design on Tap event, we chatted with Eric Steen, and Bruce Kehe, from Hopworks Urban Brewery about branding beer.<\\/p>\"}}},\"12\":\"Following our Design on Tap event, we chatted with Eric Steen, and Bruce Kehe, from Hopworks Urban Brewery about branding beer.\",\"13\":\"2\",\"16\":\"\",\"19\":\"This is another test post!\",\"18\":\"Designing an Exceptional Beer Experience\",\"2\":\"\",\"20\":[\"6\"],\"17\":[\"13\"]}}', '2017-02-22 21:30:41', '2017-02-22 21:30:41', 'e2f78204-0cc2-48e2-8cb2-2c86388ad3a8'),
 ('18', '4', '3', '1', 'en_us', '5', '', '{\"typeId\":\"3\",\"authorId\":\"1\",\"title\":\"Hosting Static Files with S3 & CloudFront\",\"slug\":\"the-first-post\",\"postDate\":1487716620,\"expiryDate\":null,\"enabled\":1,\"parentId\":null,\"fields\":{\"3\":{\"5\":{\"type\":\"textBlock\",\"enabled\":\"1\",\"fields\":{\"textBlock\":\"<p>text<\\/p>\"}}},\"12\":\"The modern web is rich with photography, iconography, and video, but image-heavy sites can result in poor performance for the end user.\",\"13\":\"1\",\"16\":\"\",\"19\":\"This is something\",\"18\":\"Hosting Static Files with S3 & CloudFront\",\"2\":\"\",\"20\":[\"6\",\"7\"],\"17\":[\"14\"]}}', '2017-02-22 21:30:52', '2017-02-22 21:30:52', 'ad4275be-48dc-4943-9c36-0fce7caf3c8e'),
 ('19', '4', '3', '1', 'en_us', '6', '', '{\"typeId\":\"3\",\"authorId\":\"1\",\"title\":\"Hosting Static Files with S3 & CloudFront\",\"slug\":\"the-first-post\",\"postDate\":1487716620,\"expiryDate\":null,\"enabled\":1,\"parentId\":null,\"fields\":{\"3\":{\"5\":{\"type\":\"textBlock\",\"enabled\":\"1\",\"fields\":{\"textBlock\":\"<p>text<\\/p>\"}}},\"12\":\"The modern web is rich with photography, iconography, and video, but image-heavy sites can result in poor performance for the end user.\",\"13\":\"1\",\"16\":[\"16\"],\"19\":\"This is something\",\"18\":\"Hosting Static Files with S3 & CloudFront\",\"2\":\"\",\"20\":[\"6\",\"7\"],\"17\":[\"14\"]}}', '2017-02-22 21:52:11', '2017-02-22 21:52:11', '2684efe9-e609-4a81-b147-1f016e0ea93c'),
 ('20', '4', '3', '1', 'en_us', '7', '', '{\"typeId\":\"3\",\"authorId\":\"1\",\"title\":\"Hosting Static Files with S3 & CloudFront\",\"slug\":\"the-first-post\",\"postDate\":1487716620,\"expiryDate\":null,\"enabled\":1,\"parentId\":null,\"fields\":{\"3\":{\"5\":{\"type\":\"textBlock\",\"enabled\":\"1\",\"fields\":{\"textBlock\":\"<p>The modern web is rich with&nbsp;photography, iconography, and video, but image-heavy sites can result in poor performance for the end user. Part of providing an elegant user experience is asset optimization, and we use Amazon\'s&nbsp;<a href=\\\"https:\\/\\/aws.amazon.com\\/s3\\/\\\" target=\\\"_blank\\\">S3<\\/a>&nbsp;and&nbsp;<a href=\\\"https:\\/\\/aws.amazon.com\\/cloudfront\\/\\\" target=\\\"_blank\\\">CloudFront<\\/a>&nbsp;to do the heavy-lifting.<\\/p>\\r\\n<p>There are a few reasons why we choose to use S3 to host static assets for our clients<\\/p>\"}},\"new1\":{\"type\":\"mainTitle\",\"enabled\":\"1\",\"fields\":{\"maintitle\":\"Storage\"}},\"new2\":{\"type\":\"textBlock\",\"enabled\":\"1\",\"fields\":{\"textBlock\":\"<p>One of the largest pieces of overhead involved in hosting a website is data storage - and media assets make up a large part of that. Storing gigabytes of photography, video, and graphics on your web host can make it difficult to move, backup, or deploy your site because it makes it&nbsp;heavier (figuratively). Offloading&nbsp;your media files to&nbsp;the cloud allows you to keep your web server thin while maintaining a central repository to manage your digital assets.<\\/p>\"}},\"new3\":{\"type\":\"mainTitle\",\"enabled\":\"1\",\"fields\":{\"maintitle\":\"Speed\"}},\"new4\":{\"type\":\"textBlock\",\"enabled\":\"1\",\"fields\":{\"textBlock\":\"<p>Amazon\'s servers are low-latency and&nbsp;have incredibly fast transfer speeds which allow for quick rendering. With the added bonuses of using a&nbsp;<a href=\\\"http:\\/\\/www.sitepoint.com\\/7-reasons-to-use-a-cdn\\/\\\" target=\\\"_blank\\\">Content Delivery Network (CDN)<\\/a>&nbsp;such as caching and utilizing parallel downloads, you\'ll notice a&nbsp;huge difference in how fast your files show up on your page.<\\/p>\"}}},\"12\":\"The modern web is rich with photography, iconography, and video, but image-heavy sites can result in poor performance for the end user.\",\"13\":\"1\",\"16\":[\"16\"],\"19\":\"This is something\",\"18\":\"Hosting Static Files with S3 & CloudFront\",\"2\":\"\",\"20\":[\"6\",\"7\"],\"17\":[\"14\"]}}', '2017-02-22 21:54:22', '2017-02-22 21:54:22', 'e7d04f2a-b851-42ba-a41d-bc0846986e89'),
 ('21', '4', '3', '1', 'en_us', '8', '', '{\"typeId\":\"3\",\"authorId\":\"1\",\"title\":\"Hosting Static Files with S3 & CloudFront\",\"slug\":\"the-first-post\",\"postDate\":1487716620,\"expiryDate\":null,\"enabled\":1,\"parentId\":null,\"fields\":{\"3\":{\"5\":{\"type\":\"textBlock\",\"enabled\":\"1\",\"fields\":{\"textBlock\":\"<p>The modern web is rich with&nbsp;photography, iconography, and video, but image-heavy sites can result in poor performance for the end user. Part of providing an elegant user experience is asset optimization, and we use Amazon\'s&nbsp;<a href=\\\"https:\\/\\/aws.amazon.com\\/s3\\/\\\" target=\\\"_blank\\\" rel=\\\"noreferrer\\\">S3<\\/a>&nbsp;and&nbsp;<a href=\\\"https:\\/\\/aws.amazon.com\\/cloudfront\\/\\\" target=\\\"_blank\\\" rel=\\\"noreferrer\\\">CloudFront<\\/a>&nbsp;to do the heavy-lifting.<\\/p>\\r\\n<p>There are a few reasons why we choose to use S3 to host static assets for our clients<\\/p>\"}},\"17\":{\"type\":\"mainTitle\",\"enabled\":\"1\",\"fields\":{\"mainTitle\":\"Storage\"}},\"18\":{\"type\":\"textBlock\",\"enabled\":\"1\",\"fields\":{\"textBlock\":\"<p>One of the largest pieces of overhead involved in hosting a website is data storage - and media assets make up a large part of that. Storing gigabytes of photography, video, and graphics on your web host can make it difficult to move, backup, or deploy your site because it makes it&nbsp;heavier (figuratively). Offloading&nbsp;your media files to&nbsp;the cloud allows you to keep your web server thin while maintaining a central repository to manage your digital assets.<\\/p>\"}},\"new1\":{\"type\":\"photoBlock\",\"enabled\":\"1\",\"fields\":{\"image\":[\"9\"],\"caption\":\"That\'s me\"}},\"19\":{\"type\":\"mainTitle\",\"enabled\":\"1\",\"fields\":{\"mainTitle\":\"Speed\"}},\"20\":{\"type\":\"textBlock\",\"enabled\":\"1\",\"fields\":{\"textBlock\":\"<p>Amazon\'s servers are low-latency and&nbsp;have incredibly fast transfer speeds which allow for quick rendering. With the added bonuses of using a&nbsp;<a href=\\\"http:\\/\\/www.sitepoint.com\\/7-reasons-to-use-a-cdn\\/\\\" target=\\\"_blank\\\" rel=\\\"noreferrer\\\">Content Delivery Network (CDN)<\\/a>&nbsp;such as caching and utilizing parallel downloads, you\'ll notice a&nbsp;huge difference in how fast your files show up on your page.<\\/p>\"}},\"new2\":{\"type\":\"quoteBlock\",\"enabled\":\"1\",\"fields\":{\"quote\":\"This is a quote in a quote block. To call attention to a specific phrases or sentence.\",\"cite\":\"Ryan Hall\"}}},\"12\":\"The modern web is rich with photography, iconography, and video, but image-heavy sites can result in poor performance for the end user.\",\"13\":\"1\",\"16\":[\"16\"],\"19\":\"This is something\",\"18\":\"Hosting Static Files with S3 & CloudFront\",\"2\":\"\",\"20\":[\"6\",\"7\"],\"17\":[\"14\"]}}', '2017-02-22 23:05:26', '2017-02-22 23:05:26', '33cc8273-7790-468d-9c1d-43e45479e685'),
 ('22', '23', '3', '1', 'en_us', '1', '', '{\"typeId\":null,\"authorId\":\"1\",\"title\":\"Hosting Static Files with S3 & CloudFront\",\"slug\":\"the-first-post-1\",\"postDate\":1487716620,\"expiryDate\":null,\"enabled\":1,\"parentId\":null,\"fields\":{\"3\":{\"5\":{\"type\":\"textBlock\",\"enabled\":\"1\",\"fields\":{\"textBlock\":\"<p>The modern web is rich with&nbsp;photography, iconography, and video, but image-heavy sites can result in poor performance for the end user. Part of providing an elegant user experience is asset optimization, and we use Amazon\'s&nbsp;<a href=\\\"https:\\/\\/aws.amazon.com\\/s3\\/\\\" target=\\\"_blank\\\" rel=\\\"noreferrer\\\">S3<\\/a>&nbsp;and&nbsp;<a href=\\\"https:\\/\\/aws.amazon.com\\/cloudfront\\/\\\" target=\\\"_blank\\\" rel=\\\"noreferrer\\\">CloudFront<\\/a>&nbsp;to do the heavy-lifting.<\\/p>\\r\\n<p>There are a few reasons why we choose to use S3 to host static assets for our clients<\\/p>\"}},\"17\":{\"type\":\"mainTitle\",\"enabled\":\"1\",\"fields\":{\"mainTitle\":\"Storage\"}},\"18\":{\"type\":\"textBlock\",\"enabled\":\"1\",\"fields\":{\"textBlock\":\"<p>One of the largest pieces of overhead involved in hosting a website is data storage - and media assets make up a large part of that. Storing gigabytes of photography, video, and graphics on your web host can make it difficult to move, backup, or deploy your site because it makes it&nbsp;heavier (figuratively). Offloading&nbsp;your media files to&nbsp;the cloud allows you to keep your web server thin while maintaining a central repository to manage your digital assets.<\\/p>\"}},\"21\":{\"type\":\"photoBlock\",\"enabled\":\"1\",\"fields\":{\"image\":[\"9\"],\"caption\":\"That\'s me\"}},\"19\":{\"type\":\"mainTitle\",\"enabled\":\"1\",\"fields\":{\"mainTitle\":\"Speed\"}},\"20\":{\"type\":\"textBlock\",\"enabled\":\"1\",\"fields\":{\"textBlock\":\"<p>Amazon\'s servers are low-latency and&nbsp;have incredibly fast transfer speeds which allow for quick rendering. With the added bonuses of using a&nbsp;<a href=\\\"http:\\/\\/www.sitepoint.com\\/7-reasons-to-use-a-cdn\\/\\\" target=\\\"_blank\\\" rel=\\\"noreferrer\\\">Content Delivery Network (CDN)<\\/a>&nbsp;such as caching and utilizing parallel downloads, you\'ll notice a&nbsp;huge difference in how fast your files show up on your page.<\\/p>\"}},\"22\":{\"type\":\"quoteBlock\",\"enabled\":\"1\",\"fields\":{\"quote\":\"This is a quote in a quote block. To call attention to a specific phrases or sentence.\",\"cite\":\"Ryan Hall\"}}},\"12\":\"The modern web is rich with photography, iconography, and video, but image-heavy sites can result in poor performance for the end user.\",\"13\":\"1\",\"16\":[\"16\"],\"19\":\"This is something\",\"18\":\"Hosting Static Files with S3 & CloudFront\",\"2\":\"\",\"20\":[\"6\",\"7\"],\"17\":[\"14\"]}}', '2017-02-23 00:03:50', '2017-02-23 00:03:50', 'fc8afbd1-dd7b-48b6-867f-ab21a53b5df9'),
 ('23', '23', '3', '1', 'en_us', '2', '', '{\"typeId\":\"3\",\"authorId\":\"1\",\"title\":\"Hosting Static Files with S3 & CloudFront\",\"slug\":\"the-first-post-1\",\"postDate\":1487716620,\"expiryDate\":null,\"enabled\":1,\"parentId\":null,\"fields\":{\"3\":{\"24\":{\"type\":\"textBlock\",\"enabled\":\"1\",\"fields\":{\"textBlock\":\"<p>The modern web is rich with&nbsp;photography, iconography, and video, but image-heavy sites can result in poor performance for the end user. Part of providing an elegant user experience is asset optimization, and we use Amazon\'s&nbsp;<a href=\\\"https:\\/\\/aws.amazon.com\\/s3\\/\\\" target=\\\"_blank\\\" rel=\\\"noreferrer\\\">S3<\\/a>&nbsp;and&nbsp;<a href=\\\"https:\\/\\/aws.amazon.com\\/cloudfront\\/\\\" target=\\\"_blank\\\" rel=\\\"noreferrer\\\">CloudFront<\\/a>&nbsp;to do the heavy-lifting.<\\/p>\\r\\n<p>There are a few reasons why we choose to use S3 to host static assets for our clients<\\/p>\"}},\"25\":{\"type\":\"mainTitle\",\"enabled\":\"1\",\"fields\":{\"mainTitle\":\"Storage\"}},\"26\":{\"type\":\"textBlock\",\"enabled\":\"1\",\"fields\":{\"textBlock\":\"<p>One of the largest pieces of overhead involved in hosting a website is data storage - and media assets make up a large part of that. Storing gigabytes of photography, video, and graphics on your web host can make it difficult to move, backup, or deploy your site because it makes it&nbsp;heavier (figuratively). Offloading&nbsp;your media files to&nbsp;the cloud allows you to keep your web server thin while maintaining a central repository to manage your digital assets.<\\/p>\"}},\"27\":{\"type\":\"photoBlock\",\"enabled\":\"1\",\"fields\":{\"image\":[\"9\"],\"caption\":\"That\'s me\"}},\"28\":{\"type\":\"mainTitle\",\"enabled\":\"1\",\"fields\":{\"mainTitle\":\"Speed\"}},\"29\":{\"type\":\"textBlock\",\"enabled\":\"1\",\"fields\":{\"textBlock\":\"<p>Amazon\'s servers are low-latency and&nbsp;have incredibly fast transfer speeds which allow for quick rendering. With the added bonuses of using a&nbsp;<a href=\\\"http:\\/\\/www.sitepoint.com\\/7-reasons-to-use-a-cdn\\/\\\" target=\\\"_blank\\\" rel=\\\"noreferrer\\\">Content Delivery Network (CDN)<\\/a>&nbsp;such as caching and utilizing parallel downloads, you\'ll notice a&nbsp;huge difference in how fast your files show up on your page.<\\/p>\"}},\"30\":{\"type\":\"quoteBlock\",\"enabled\":\"1\",\"fields\":{\"quote\":\"This is a quote in a quote block. To call attention to a specific phrases or sentence.\",\"cite\":\"Ryan Hall\"}}},\"12\":\"The modern web is rich with photography, iconography, and video, but image-heavy sites can result in poor performance for the end user.\",\"13\":\"1\",\"16\":[\"16\"],\"19\":\"This is something\",\"18\":\"Hosting Static Files with S3 & CloudFront\",\"2\":\"\",\"20\":[\"6\",\"7\"],\"17\":[\"14\"]}}', '2017-02-23 00:03:53', '2017-02-23 00:03:53', 'f32a8ba4-c756-4609-877f-dfb48019c3ed'),
 ('24', '31', '3', '1', 'en_us', '1', '', '{\"typeId\":null,\"authorId\":\"1\",\"title\":\"Designing an Exceptional Beer Experience\",\"slug\":\"another-test-post-1\",\"postDate\":1487780100,\"expiryDate\":null,\"enabled\":1,\"parentId\":null,\"fields\":{\"3\":{\"11\":{\"type\":\"textBlock\",\"enabled\":\"1\",\"fields\":{\"textBlock\":\"<p>Following our Design on Tap event, we chatted with Eric Steen, and Bruce Kehe, from Hopworks Urban Brewery about branding beer.<\\/p>\"}}},\"12\":\"Following our Design on Tap event, we chatted with Eric Steen, and Bruce Kehe, from Hopworks Urban Brewery about branding beer.\",\"13\":\"2\",\"16\":\"\",\"19\":\"This is another test post!\",\"18\":\"Designing an Exceptional Beer Experience\",\"2\":\"\",\"20\":[\"6\"],\"17\":[\"13\"]}}', '2017-02-23 00:13:08', '2017-02-23 00:13:08', 'b2f364b6-c1bc-4a68-bf4d-cb41fb1354c5'),
 ('25', '31', '3', '1', 'en_us', '2', '', '{\"typeId\":\"3\",\"authorId\":\"1\",\"title\":\"Designing an Exceptional Beer Experience\",\"slug\":\"another-test-post-1\",\"postDate\":1487780100,\"expiryDate\":null,\"enabled\":1,\"parentId\":null,\"fields\":{\"3\":{\"32\":{\"type\":\"textBlock\",\"enabled\":\"1\",\"fields\":{\"textBlock\":\"<p>Following our Design on Tap event, we chatted with Eric Steen, and Bruce Kehe, from Hopworks Urban Brewery about branding beer.<\\/p>\"}}},\"12\":\"Following our Design on Tap event, we chatted with Eric Steen, and Bruce Kehe, from Hopworks Urban Brewery about branding beer.\",\"13\":\"2\",\"16\":\"\",\"19\":\"This is another test post!\",\"18\":\"Designing an Exceptional Beer Experience\",\"2\":\"\",\"20\":[\"6\"],\"17\":[\"13\"]}}', '2017-02-23 00:13:09', '2017-02-23 00:13:09', '9ccf163f-ceb1-4c41-ab10-c2c579dd6f64');



DROP TABLE IF EXISTS `craft_fieldgroups`;


--
-- Schema for table `craft_fieldgroups`
--
CREATE TABLE `craft_fieldgroups` (
  `id` int(11) NOT NULL AUTO_INCREMENT,
  `name` varchar(255) COLLATE utf8_unicode_ci NOT NULL,
  `dateCreated` datetime NOT NULL,
  `dateUpdated` datetime NOT NULL,
  `uid` char(36) COLLATE utf8_unicode_ci NOT NULL DEFAULT '0',
  PRIMARY KEY (`id`),
  UNIQUE KEY `craft_fieldgroups_name_unq_idx` (`name`)
) ENGINE=InnoDB AUTO_INCREMENT=3 DEFAULT CHARSET=utf8 COLLATE=utf8_unicode_ci;

--
-- Data for table `craft_fieldgroups`
--

INSERT INTO `craft_fieldgroups` (`id`, `name`, `dateCreated`, `dateUpdated`, `uid`) VALUES
 ('1', 'Default', '2017-02-21 21:10:19', '2017-02-21 21:10:19', '8b5fbb6c-d64a-48b0-bd4f-092b3d9fdf18'),
 ('2', 'Blog', '2017-02-21 21:49:44', '2017-02-21 21:49:44', 'ee3c5155-66b7-4190-89cb-41b8195749aa');



DROP TABLE IF EXISTS `craft_fieldlayoutfields`;


--
-- Schema for table `craft_fieldlayoutfields`
--
CREATE TABLE `craft_fieldlayoutfields` (
  `id` int(11) NOT NULL AUTO_INCREMENT,
  `layoutId` int(11) NOT NULL,
  `tabId` int(11) NOT NULL,
  `fieldId` int(11) NOT NULL,
  `required` tinyint(1) unsigned NOT NULL DEFAULT '0',
  `sortOrder` smallint(6) unsigned DEFAULT NULL,
  `dateCreated` datetime NOT NULL,
  `dateUpdated` datetime NOT NULL,
  `uid` char(36) COLLATE utf8_unicode_ci NOT NULL DEFAULT '0',
  PRIMARY KEY (`id`),
  UNIQUE KEY `craft_fieldlayoutfields_layoutId_fieldId_unq_idx` (`layoutId`,`fieldId`),
  KEY `craft_fieldlayoutfields_sortOrder_idx` (`sortOrder`),
  KEY `craft_fieldlayoutfields_tabId_fk` (`tabId`),
  KEY `craft_fieldlayoutfields_fieldId_fk` (`fieldId`)
) ENGINE=InnoDB AUTO_INCREMENT=89 DEFAULT CHARSET=utf8 COLLATE=utf8_unicode_ci;

--
-- Data for table `craft_fieldlayoutfields`
--

INSERT INTO `craft_fieldlayoutfields` (`id`, `layoutId`, `tabId`, `fieldId`, `required`, `sortOrder`, `dateCreated`, `dateUpdated`, `uid`) VALUES
 ('2', '5', '2', '1', '1', '1', '2017-02-21 21:10:19', '2017-02-21 21:10:19', '97d4e817-04b3-4327-aaba-42070987b69e'),
 ('3', '5', '2', '2', '0', '2', '2017-02-21 21:10:19', '2017-02-21 21:10:19', '246c8463-b176-44ce-94d9-1b0d84dc980d'),
 ('61', '27', '26', '14', '0', '1', '2017-02-21 22:29:43', '2017-02-21 22:29:43', '0c19a68a-81d9-4a9d-b142-891e80637675'),
 ('62', '27', '26', '15', '0', '2', '2017-02-21 22:29:43', '2017-02-21 22:29:43', '96a03802-34ba-4404-8bd5-cce75522d25b'),
 ('63', '27', '26', '1', '1', '3', '2017-02-21 22:29:43', '2017-02-21 22:29:43', '4b65a217-6cc1-4d41-b53d-164b76551638'),
 ('64', '27', '27', '16', '0', '1', '2017-02-21 22:29:43', '2017-02-21 22:29:43', 'a7472119-d229-4200-b4d2-ce584204580c'),
 ('65', '29', '28', '18', '0', '1', '2017-02-22 15:04:26', '2017-02-22 15:04:26', 'bb5e4a13-c168-43e0-896e-13cce052c4a8'),
 ('66', '29', '28', '19', '0', '2', '2017-02-22 15:04:26', '2017-02-22 15:04:26', 'f7673110-d12f-43d7-900d-04e041dbf40e'),
 ('67', '29', '28', '3', '0', '3', '2017-02-22 15:04:26', '2017-02-22 15:04:26', '8201cbf3-5736-4a88-ba5f-783b1e4e110d'),
 ('68', '29', '28', '12', '0', '4', '2017-02-22 15:04:26', '2017-02-22 15:04:26', '75a057b7-68ea-4c97-ab5d-8fac924d4c8a'),
 ('69', '29', '28', '13', '0', '5', '2017-02-22 15:04:26', '2017-02-22 15:04:26', '4e4397f4-b3a3-42fc-a956-bac758b091d0'),
 ('70', '29', '28', '20', '0', '6', '2017-02-22 15:04:26', '2017-02-22 15:04:26', '0fbee4f6-a8bf-4412-a011-520f10c6810e'),
 ('71', '29', '28', '2', '0', '7', '2017-02-22 15:04:26', '2017-02-22 15:04:26', '9cbe61d7-ac0a-47c0-b016-f0eabbf7dee7'),
 ('72', '29', '29', '17', '0', '1', '2017-02-22 15:04:26', '2017-02-22 15:04:26', 'f9f48079-d474-4fbc-9b3b-9155d61f479a'),
 ('73', '29', '29', '16', '0', '2', '2017-02-22 15:04:26', '2017-02-22 15:04:26', 'acf450e2-e124-43f7-b473-94ef9727ec4a'),
 ('82', '39', '36', '4', '0', '1', '2017-02-22 23:05:48', '2017-02-22 23:05:48', '756c48b9-c943-479c-8d57-33c26db76e67'),
 ('83', '40', '37', '5', '0', '1', '2017-02-22 23:05:48', '2017-02-22 23:05:48', 'ed8141e8-498f-4780-9000-b14555da047c'),
 ('84', '41', '38', '6', '0', '1', '2017-02-22 23:05:48', '2017-02-22 23:05:48', '254958b8-3bd0-477a-8a45-5fb904d0683a'),
 ('85', '42', '39', '7', '0', '1', '2017-02-22 23:05:48', '2017-02-22 23:05:48', 'c0a01316-492f-418b-a641-b644b2a09d1b'),
 ('86', '42', '39', '8', '0', '2', '2017-02-22 23:05:48', '2017-02-22 23:05:48', '74d38e44-fc64-46d0-8d4f-3df9582ff870'),
 ('87', '43', '40', '10', '0', '1', '2017-02-22 23:05:48', '2017-02-22 23:05:48', 'cd01534d-95a7-497e-b70a-0457b065e4dc'),
 ('88', '43', '40', '11', '0', '2', '2017-02-22 23:05:48', '2017-02-22 23:05:48', '8a4a7547-4207-4ef5-bd58-e498ce00f62c');



DROP TABLE IF EXISTS `craft_fieldlayouts`;


--
-- Schema for table `craft_fieldlayouts`
--
CREATE TABLE `craft_fieldlayouts` (
  `id` int(11) NOT NULL AUTO_INCREMENT,
  `type` varchar(150) COLLATE utf8_unicode_ci NOT NULL,
  `dateCreated` datetime NOT NULL,
  `dateUpdated` datetime NOT NULL,
  `uid` char(36) COLLATE utf8_unicode_ci NOT NULL DEFAULT '0',
  PRIMARY KEY (`id`),
  KEY `craft_fieldlayouts_type_idx` (`type`)
) ENGINE=InnoDB AUTO_INCREMENT=44 DEFAULT CHARSET=utf8 COLLATE=utf8_unicode_ci;

--
-- Data for table `craft_fieldlayouts`
--

INSERT INTO `craft_fieldlayouts` (`id`, `type`, `dateCreated`, `dateUpdated`, `uid`) VALUES
 ('1', 'Tag', '2017-02-21 21:10:19', '2017-02-21 21:10:19', 'f653a2ec-81b2-444d-b1b9-e97fc721e583'),
 ('5', 'Entry', '2017-02-21 21:10:19', '2017-02-21 21:10:19', '01006e39-9c9f-46c1-a5c8-15cb999e1286'),
 ('27', 'Entry', '2017-02-21 22:29:43', '2017-02-21 22:29:43', 'eb2a5c55-42d7-49b1-a935-27ec5b81c20a'),
 ('28', 'Tag', '2017-02-22 15:02:04', '2017-02-22 15:02:04', 'e062fcf4-2beb-4255-b035-81c78c436756'),
 ('29', 'Entry', '2017-02-22 15:04:26', '2017-02-22 15:04:26', 'f54efb7f-87a9-4196-8828-263e577ee2b7'),
 ('32', 'Asset', '2017-02-22 16:17:50', '2017-02-22 16:17:50', 'd8d905b3-1946-458e-bac9-2de1e99ffc54'),
 ('39', 'MatrixBlock', '2017-02-22 23:05:48', '2017-02-22 23:05:48', '7113178e-4469-4f6d-8a70-506094216b4d'),
 ('40', 'MatrixBlock', '2017-02-22 23:05:48', '2017-02-22 23:05:48', '08dd9c6d-dc3f-4b51-87ca-208c8062e5b1'),
 ('41', 'MatrixBlock', '2017-02-22 23:05:48', '2017-02-22 23:05:48', '61102835-6f5d-42d6-b2d8-c8368603bc15'),
 ('42', 'MatrixBlock', '2017-02-22 23:05:48', '2017-02-22 23:05:48', '26886d41-4011-48b4-8c28-52800c22fed5'),
 ('43', 'MatrixBlock', '2017-02-22 23:05:48', '2017-02-22 23:05:48', '5ee80a9d-4274-4aae-8f11-9bbc1978dbd2');



DROP TABLE IF EXISTS `craft_fieldlayouttabs`;


--
-- Schema for table `craft_fieldlayouttabs`
--
CREATE TABLE `craft_fieldlayouttabs` (
  `id` int(11) NOT NULL AUTO_INCREMENT,
  `layoutId` int(11) NOT NULL,
  `name` varchar(255) COLLATE utf8_unicode_ci NOT NULL,
  `sortOrder` smallint(6) unsigned DEFAULT NULL,
  `dateCreated` datetime NOT NULL,
  `dateUpdated` datetime NOT NULL,
  `uid` char(36) COLLATE utf8_unicode_ci NOT NULL DEFAULT '0',
  PRIMARY KEY (`id`),
  KEY `craft_fieldlayouttabs_sortOrder_idx` (`sortOrder`),
  KEY `craft_fieldlayouttabs_layoutId_fk` (`layoutId`)
) ENGINE=InnoDB AUTO_INCREMENT=41 DEFAULT CHARSET=utf8 COLLATE=utf8_unicode_ci;

--
-- Data for table `craft_fieldlayouttabs`
--

INSERT INTO `craft_fieldlayouttabs` (`id`, `layoutId`, `name`, `sortOrder`, `dateCreated`, `dateUpdated`, `uid`) VALUES
 ('2', '5', 'Content', '1', '2017-02-21 21:10:19', '2017-02-21 21:10:19', '96f8e168-92a3-4132-9721-de2e61929da6'),
 ('26', '27', 'Content', '1', '2017-02-21 22:29:43', '2017-02-21 22:29:43', '61622c0d-3090-4c15-81fc-9c61ec108ae7'),
 ('27', '27', 'Default', '2', '2017-02-21 22:29:43', '2017-02-21 22:29:43', '2739aaf6-4857-415b-9fcb-6ea2871ab732'),
 ('28', '29', 'Blog', '1', '2017-02-22 15:04:26', '2017-02-22 15:04:26', 'befd0513-8bae-4468-83a6-803c5f46a0e8'),
 ('29', '29', 'Default', '2', '2017-02-22 15:04:26', '2017-02-22 15:04:26', '6e8331fd-b21d-4481-98e6-6fda152d9761'),
 ('36', '39', 'Content', '1', '2017-02-22 23:05:48', '2017-02-22 23:05:48', 'ec2c16b8-dc8b-43bb-9da8-2c47c7c17435'),
 ('37', '40', 'Content', '1', '2017-02-22 23:05:48', '2017-02-22 23:05:48', 'e80303eb-b8d4-47f5-aad9-1a88e5260cd7'),
 ('38', '41', 'Content', '1', '2017-02-22 23:05:48', '2017-02-22 23:05:48', '04fb7191-4f4e-4bdf-8b77-5a85d4636385'),
 ('39', '42', 'Content', '1', '2017-02-22 23:05:48', '2017-02-22 23:05:48', 'f10c38b4-8e2a-4079-8f09-98836b1095b1'),
 ('40', '43', 'Content', '1', '2017-02-22 23:05:48', '2017-02-22 23:05:48', 'd4f194b8-5769-4ed5-bb5e-8727030bd4dc');



DROP TABLE IF EXISTS `craft_fields`;


--
-- Schema for table `craft_fields`
--
CREATE TABLE `craft_fields` (
  `id` int(11) NOT NULL AUTO_INCREMENT,
  `groupId` int(11) DEFAULT NULL,
  `name` varchar(255) COLLATE utf8_unicode_ci NOT NULL,
  `handle` varchar(58) COLLATE utf8_unicode_ci NOT NULL,
  `context` varchar(255) COLLATE utf8_unicode_ci NOT NULL DEFAULT 'global',
  `instructions` text COLLATE utf8_unicode_ci,
  `translatable` tinyint(1) unsigned NOT NULL DEFAULT '0',
  `type` varchar(150) COLLATE utf8_unicode_ci NOT NULL,
  `settings` text COLLATE utf8_unicode_ci,
  `dateCreated` datetime NOT NULL,
  `dateUpdated` datetime NOT NULL,
  `uid` char(36) COLLATE utf8_unicode_ci NOT NULL DEFAULT '0',
  PRIMARY KEY (`id`),
  UNIQUE KEY `craft_fields_handle_context_unq_idx` (`handle`,`context`),
  KEY `craft_fields_context_idx` (`context`),
  KEY `craft_fields_groupId_fk` (`groupId`)
) ENGINE=InnoDB AUTO_INCREMENT=21 DEFAULT CHARSET=utf8 COLLATE=utf8_unicode_ci;

--
-- Data for table `craft_fields`
--

INSERT INTO `craft_fields` (`id`, `groupId`, `name`, `handle`, `context`, `instructions`, `translatable`, `type`, `settings`, `dateCreated`, `dateUpdated`, `uid`) VALUES
 ('1', '1', 'Body', 'body', 'global', NULL, '1', 'RichText', '{\"configFile\":\"Standard.json\",\"columnType\":\"text\"}', '2017-02-21 21:10:19', '2017-02-21 21:10:19', '1ffef567-23d8-45a6-97c5-88c64d6cd5d8'),
 ('2', '1', 'Tags', 'tags', 'global', NULL, '0', 'Tags', '{\"source\":\"taggroup:1\"}', '2017-02-21 21:10:19', '2017-02-21 21:10:19', 'c9c8e90d-7fb3-44aa-8cff-977fbfbe1571'),
 ('3', '2', 'blog layout', 'blogLayout', 'global', '', '0', 'Matrix', '{\"maxBlocks\":null}', '2017-02-21 21:59:49', '2017-02-22 23:05:48', '0b5ff483-1dd9-4470-9635-f2b8a1cb8c3b'),
 ('4', NULL, 'main title', 'mainTitle', 'matrixBlockType:1', '', '0', 'PlainText', '{\"placeholder\":\"\",\"maxLength\":\"\",\"multiline\":\"\",\"initialRows\":\"4\"}', '2017-02-21 21:59:49', '2017-02-22 23:05:48', '17d39146-4ea1-4814-afbb-5b4c268ea931'),
 ('5', NULL, 'second title', 'secondTitle', 'matrixBlockType:2', '', '0', 'PlainText', '{\"placeholder\":\"\",\"maxLength\":\"\",\"multiline\":\"\",\"initialRows\":\"4\"}', '2017-02-21 21:59:49', '2017-02-22 23:05:48', 'd24216bb-e655-48d5-b87e-6dc923dcfe67'),
 ('6', NULL, 'text block', 'textBlock', 'matrixBlockType:3', '', '0', 'RichText', '{\"configFile\":\"\",\"availableAssetSources\":\"*\",\"availableTransforms\":\"*\",\"cleanupHtml\":\"1\",\"purifyHtml\":\"1\",\"columnType\":\"text\"}', '2017-02-21 21:59:49', '2017-02-22 23:05:48', '29394ae4-d6d1-45fa-8d06-5c54a1c684fb'),
 ('7', NULL, 'image', 'image', 'matrixBlockType:4', '', '0', 'Assets', '{\"useSingleFolder\":\"\",\"sources\":\"*\",\"defaultUploadLocationSource\":\"1\",\"defaultUploadLocationSubpath\":\"\",\"singleUploadLocationSource\":\"1\",\"singleUploadLocationSubpath\":\"\",\"restrictFiles\":\"\",\"limit\":\"\",\"viewMode\":\"list\",\"selectionLabel\":\"\"}', '2017-02-21 21:59:49', '2017-02-22 23:05:48', '7d9bff6f-7f8a-4ac9-814a-a9dc7f92387c'),
 ('8', NULL, 'caption', 'caption', 'matrixBlockType:4', '', '0', 'PlainText', '{\"placeholder\":\"\",\"maxLength\":\"\",\"multiline\":\"\",\"initialRows\":\"4\"}', '2017-02-21 21:59:49', '2017-02-22 23:05:48', 'e3a7a654-cf37-488f-b6f3-75876a3ae430'),
 ('10', NULL, 'quote', 'quote', 'matrixBlockType:6', '', '0', 'PlainText', '{\"placeholder\":\"\",\"maxLength\":\"\",\"multiline\":\"\",\"initialRows\":\"4\"}', '2017-02-21 21:59:49', '2017-02-22 23:05:48', 'a86133c6-f851-401e-95de-5ebe715d443b'),
 ('11', NULL, 'cite', 'cite', 'matrixBlockType:6', '', '0', 'PlainText', '{\"placeholder\":\"\",\"maxLength\":\"\",\"multiline\":\"\",\"initialRows\":\"4\"}', '2017-02-21 21:59:49', '2017-02-22 23:05:48', '0ca6cda3-c289-4366-80c4-c274d396e0e8'),
 ('12', '2', 'blog summary', 'blogSummary', 'global', '', '0', 'PlainText', '{\"placeholder\":\"\",\"maxLength\":\"\",\"multiline\":\"\",\"initialRows\":\"4\"}', '2017-02-21 22:06:01', '2017-02-21 22:06:01', 'a82be0be-96b8-443a-8fdb-de6f395fa072'),
 ('13', '2', 'ert', 'ert', 'global', '', '0', 'PlainText', '{\"placeholder\":\"\",\"maxLength\":\"\",\"multiline\":\"\",\"initialRows\":\"4\"}', '2017-02-21 22:06:23', '2017-02-21 22:06:23', '209fb213-f3a5-4249-8370-fb6c54d90cdd'),
 ('14', '2', 'blog index title', 'blogIndexTitle', 'global', '', '0', 'RichText', '{\"configFile\":\"Standard.json\",\"availableAssetSources\":\"*\",\"availableTransforms\":\"*\",\"cleanupHtml\":\"\",\"purifyHtml\":\"\",\"columnType\":\"text\"}', '2017-02-21 22:08:46', '2017-02-22 19:43:27', 'bf8c4494-60ab-4bd6-9405-c4a5a7e21df2'),
 ('15', '2', 'blog index subtitle', 'blogIndexSubtitle', 'global', '', '0', 'RichText', '{\"configFile\":\"Standard.json\",\"availableAssetSources\":\"*\",\"availableTransforms\":\"*\",\"cleanupHtml\":\"\",\"purifyHtml\":\"\",\"columnType\":\"text\"}', '2017-02-21 22:08:57', '2017-02-22 19:43:19', '7bbaf7f6-e71b-4791-8aa2-be2d3c85da5e'),
 ('16', '2', 'hero image', 'heroImage', 'global', '', '0', 'Assets', '{\"useSingleFolder\":\"\",\"sources\":\"*\",\"defaultUploadLocationSource\":\"1\",\"defaultUploadLocationSubpath\":\"\",\"singleUploadLocationSource\":\"1\",\"singleUploadLocationSubpath\":\"\",\"restrictFiles\":\"1\",\"allowedKinds\":[\"image\"],\"limit\":\"\",\"viewMode\":\"list\",\"selectionLabel\":\"\"}', '2017-02-21 22:24:11', '2017-02-21 22:24:11', 'b31ec585-d5c6-453b-bacb-cbd268122bcd'),
 ('17', '2', 'thumbnail', 'thumbnail', 'global', '', '0', 'Assets', '{\"useSingleFolder\":\"\",\"sources\":\"*\",\"defaultUploadLocationSource\":\"1\",\"defaultUploadLocationSubpath\":\"\",\"singleUploadLocationSource\":\"1\",\"singleUploadLocationSubpath\":\"\",\"restrictFiles\":\"1\",\"allowedKinds\":[\"image\"],\"limit\":\"\",\"viewMode\":\"list\",\"selectionLabel\":\"\"}', '2017-02-21 22:24:46', '2017-02-21 22:24:46', '8987b2c5-49df-4b8b-9c2d-1dd90b887c87'),
 ('18', '2', 'post title', 'postTitle', 'global', '', '0', 'PlainText', '{\"placeholder\":\"\",\"maxLength\":\"\",\"multiline\":\"\",\"initialRows\":\"4\"}', '2017-02-21 22:27:58', '2017-02-21 22:27:58', 'bad1c311-5c00-4e88-bdb7-671899b550ac'),
 ('19', '2', 'post subtitle', 'postSubtitle', 'global', '', '0', 'PlainText', '{\"placeholder\":\"\",\"maxLength\":\"\",\"multiline\":\"\",\"initialRows\":\"4\"}', '2017-02-21 22:28:08', '2017-02-21 22:28:08', '1c73224c-d968-4caf-9aa8-611fdb7ae654'),
 ('20', '2', 'tags for blog', 'tagsForBlog', 'global', '', '0', 'Tags', '{\"source\":\"taggroup:2\",\"selectionLabel\":\"enter your tag here\"}', '2017-02-22 15:03:57', '2017-02-22 15:03:57', 'f1482ba0-a5e4-462d-bd9e-19a625f9ee57');



DROP TABLE IF EXISTS `craft_globalsets`;


--
-- Schema for table `craft_globalsets`
--
CREATE TABLE `craft_globalsets` (
  `id` int(11) NOT NULL,
  `name` varchar(255) COLLATE utf8_unicode_ci NOT NULL,
  `handle` varchar(255) COLLATE utf8_unicode_ci NOT NULL,
  `fieldLayoutId` int(10) DEFAULT NULL,
  `dateCreated` datetime NOT NULL,
  `dateUpdated` datetime NOT NULL,
  `uid` char(36) COLLATE utf8_unicode_ci NOT NULL DEFAULT '0',
  PRIMARY KEY (`id`),
  UNIQUE KEY `craft_globalsets_name_unq_idx` (`name`),
  UNIQUE KEY `craft_globalsets_handle_unq_idx` (`handle`),
  KEY `craft_globalsets_fieldLayoutId_fk` (`fieldLayoutId`)
) ENGINE=InnoDB DEFAULT CHARSET=utf8 COLLATE=utf8_unicode_ci;

DROP TABLE IF EXISTS `craft_info`;


--
-- Schema for table `craft_info`
--
CREATE TABLE `craft_info` (
  `id` int(11) NOT NULL AUTO_INCREMENT,
  `version` varchar(50) COLLATE utf8_unicode_ci NOT NULL,
  `schemaVersion` varchar(15) COLLATE utf8_unicode_ci NOT NULL,
  `edition` tinyint(1) unsigned NOT NULL DEFAULT '0',
  `siteName` varchar(100) COLLATE utf8_unicode_ci NOT NULL,
  `siteUrl` varchar(255) COLLATE utf8_unicode_ci NOT NULL,
  `timezone` varchar(30) COLLATE utf8_unicode_ci DEFAULT NULL,
  `on` tinyint(1) unsigned NOT NULL DEFAULT '0',
  `maintenance` tinyint(1) unsigned NOT NULL DEFAULT '0',
  `dateCreated` datetime NOT NULL,
  `dateUpdated` datetime NOT NULL,
  `uid` char(36) COLLATE utf8_unicode_ci NOT NULL DEFAULT '0',
  PRIMARY KEY (`id`)
) ENGINE=InnoDB AUTO_INCREMENT=2 DEFAULT CHARSET=utf8 COLLATE=utf8_unicode_ci;

--
-- Data for table `craft_info`
--

INSERT INTO `craft_info` (`id`, `version`, `schemaVersion`, `edition`, `siteName`, `siteUrl`, `timezone`, `on`, `maintenance`, `dateCreated`, `dateUpdated`, `uid`) VALUES
 ('1', '2.6.2962', '2.6.9', '0', 'Dev Blog', 'http://dev.blog.com', 'UTC', '1', '0', '2017-02-21 21:10:12', '2017-02-21 21:10:12', 'f037263f-c9de-433f-81c1-525c23203033');



DROP TABLE IF EXISTS `craft_locales`;


--
-- Schema for table `craft_locales`
--
CREATE TABLE `craft_locales` (
  `locale` char(12) COLLATE utf8_unicode_ci NOT NULL,
  `sortOrder` smallint(6) unsigned DEFAULT NULL,
  `dateCreated` datetime NOT NULL,
  `dateUpdated` datetime NOT NULL,
  `uid` char(36) COLLATE utf8_unicode_ci NOT NULL DEFAULT '0',
  PRIMARY KEY (`locale`),
  KEY `craft_locales_sortOrder_idx` (`sortOrder`)
) ENGINE=InnoDB DEFAULT CHARSET=utf8 COLLATE=utf8_unicode_ci;

--
-- Data for table `craft_locales`
--

INSERT INTO `craft_locales` (`locale`, `sortOrder`, `dateCreated`, `dateUpdated`, `uid`) VALUES
 ('en_us', '1', '2017-02-21 21:10:13', '2017-02-21 21:10:13', 'b873e909-f2c3-4cb2-939d-09548760a251');



DROP TABLE IF EXISTS `craft_matrixblocks`;


--
-- Schema for table `craft_matrixblocks`
--
CREATE TABLE `craft_matrixblocks` (
  `id` int(11) NOT NULL,
  `ownerId` int(11) NOT NULL,
  `fieldId` int(11) NOT NULL,
  `typeId` int(11) DEFAULT NULL,
  `sortOrder` smallint(6) unsigned DEFAULT NULL,
  `ownerLocale` char(12) COLLATE utf8_unicode_ci DEFAULT NULL,
  `dateCreated` datetime NOT NULL,
  `dateUpdated` datetime NOT NULL,
  `uid` char(36) COLLATE utf8_unicode_ci NOT NULL DEFAULT '0',
  PRIMARY KEY (`id`),
  KEY `craft_matrixblocks_ownerId_idx` (`ownerId`),
  KEY `craft_matrixblocks_fieldId_idx` (`fieldId`),
  KEY `craft_matrixblocks_typeId_idx` (`typeId`),
  KEY `craft_matrixblocks_sortOrder_idx` (`sortOrder`),
  KEY `craft_matrixblocks_ownerLocale_fk` (`ownerLocale`)
) ENGINE=InnoDB DEFAULT CHARSET=utf8 COLLATE=utf8_unicode_ci;

--
-- Data for table `craft_matrixblocks`
--

INSERT INTO `craft_matrixblocks` (`id`, `ownerId`, `fieldId`, `typeId`, `sortOrder`, `ownerLocale`, `dateCreated`, `dateUpdated`, `uid`) VALUES
 ('5', '4', '3', '3', '1', NULL, '2017-02-21 22:37:07', '2017-02-22 23:05:26', 'ebe9d8b0-104e-45ef-b99e-c01f43fb7473'),
 ('11', '10', '3', '3', '1', NULL, '2017-02-22 16:15:31', '2017-02-22 21:30:40', '45aeb7c2-cf48-42f9-9029-459cd15719b7'),
 ('17', '4', '3', '1', '2', NULL, '2017-02-22 21:54:22', '2017-02-22 23:05:26', 'bfe5a121-e8c9-4c8b-8bad-be2de8c6589d'),
 ('18', '4', '3', '3', '3', NULL, '2017-02-22 21:54:22', '2017-02-22 23:05:26', 'cb722c64-e20f-483b-b0d7-cb44f57679f5'),
 ('19', '4', '3', '1', '5', NULL, '2017-02-22 21:54:22', '2017-02-22 23:05:26', '3352a271-41db-43f4-b557-396c9c2b5b3b'),
 ('20', '4', '3', '3', '6', NULL, '2017-02-22 21:54:22', '2017-02-22 23:05:26', 'dd10c8a3-0755-4aec-a757-571532f30bcf'),
 ('21', '4', '3', '4', '4', NULL, '2017-02-22 23:05:26', '2017-02-22 23:05:26', 'cbdce8c2-5e05-412b-b296-9faa4a43b454'),
 ('22', '4', '3', '6', '7', NULL, '2017-02-22 23:05:26', '2017-02-22 23:05:26', '389b3408-7a78-43d1-b8cd-10e3be0d2540'),
 ('24', '23', '3', '3', '1', NULL, '2017-02-23 00:03:50', '2017-02-23 00:03:53', 'b64e3195-cd99-4a54-997c-62bffe4ec83d'),
 ('25', '23', '3', '1', '2', NULL, '2017-02-23 00:03:50', '2017-02-23 00:03:53', '4897a850-b53d-4d33-82ec-4b80053fc88a'),
 ('26', '23', '3', '3', '3', NULL, '2017-02-23 00:03:50', '2017-02-23 00:03:53', 'fc94b66b-2682-4275-8172-ff27c7942e91'),
 ('27', '23', '3', '4', '4', NULL, '2017-02-23 00:03:50', '2017-02-23 00:03:53', '69abc83a-4d57-4397-993f-659f49cffc08'),
 ('28', '23', '3', '1', '5', NULL, '2017-02-23 00:03:50', '2017-02-23 00:03:53', 'fc07413c-f7d4-4b54-a09c-a7e1031c068a'),
 ('29', '23', '3', '3', '6', NULL, '2017-02-23 00:03:50', '2017-02-23 00:03:53', '3b4932ab-82bd-4217-ba1a-b1260606aabe'),
 ('30', '23', '3', '6', '7', NULL, '2017-02-23 00:03:50', '2017-02-23 00:03:53', '2b79be19-1214-4dd0-b14f-22b89c9f416c'),
 ('32', '31', '3', '3', '1', NULL, '2017-02-23 00:13:08', '2017-02-23 00:13:09', 'b68ac103-9110-4023-b560-ca2e931a68f9');



DROP TABLE IF EXISTS `craft_matrixblocktypes`;


--
-- Schema for table `craft_matrixblocktypes`
--
CREATE TABLE `craft_matrixblocktypes` (
  `id` int(11) NOT NULL AUTO_INCREMENT,
  `fieldId` int(11) NOT NULL,
  `fieldLayoutId` int(11) DEFAULT NULL,
  `name` varchar(255) COLLATE utf8_unicode_ci NOT NULL,
  `handle` varchar(255) COLLATE utf8_unicode_ci NOT NULL,
  `sortOrder` smallint(6) unsigned DEFAULT NULL,
  `dateCreated` datetime NOT NULL,
  `dateUpdated` datetime NOT NULL,
  `uid` char(36) COLLATE utf8_unicode_ci NOT NULL DEFAULT '0',
  PRIMARY KEY (`id`),
  UNIQUE KEY `craft_matrixblocktypes_name_fieldId_unq_idx` (`name`,`fieldId`),
  UNIQUE KEY `craft_matrixblocktypes_handle_fieldId_unq_idx` (`handle`,`fieldId`),
  KEY `craft_matrixblocktypes_fieldId_fk` (`fieldId`),
  KEY `craft_matrixblocktypes_fieldLayoutId_fk` (`fieldLayoutId`)
) ENGINE=InnoDB AUTO_INCREMENT=7 DEFAULT CHARSET=utf8 COLLATE=utf8_unicode_ci;

--
-- Data for table `craft_matrixblocktypes`
--

INSERT INTO `craft_matrixblocktypes` (`id`, `fieldId`, `fieldLayoutId`, `name`, `handle`, `sortOrder`, `dateCreated`, `dateUpdated`, `uid`) VALUES
 ('1', '3', '39', 'main title', 'mainTitle', '1', '2017-02-21 21:59:49', '2017-02-22 23:05:48', '62a6ac57-4019-41d6-93b7-00317706b7d2'),
 ('2', '3', '40', 'second title', 'secondTitle', '2', '2017-02-21 21:59:49', '2017-02-22 23:05:48', 'ee28bfe0-6430-4669-8927-5ff034cedec6'),
 ('3', '3', '41', 'text block', 'textBlock', '3', '2017-02-21 21:59:49', '2017-02-22 23:05:48', '00f51a2c-333b-4a1e-98d4-4fc6f0f98ed9'),
 ('4', '3', '42', 'photo block', 'photoBlock', '4', '2017-02-21 21:59:49', '2017-02-22 23:05:48', '79b3b9a7-5050-40e3-aa85-178596210aa0'),
 ('6', '3', '43', 'quote block', 'quoteBlock', '5', '2017-02-21 21:59:49', '2017-02-22 23:05:48', 'c55623d0-780a-4d16-a8d6-bead5ce2745d');



DROP TABLE IF EXISTS `craft_matrixcontent_bloglayout`;


--
-- Schema for table `craft_matrixcontent_bloglayout`
--
CREATE TABLE `craft_matrixcontent_bloglayout` (
  `id` int(11) NOT NULL AUTO_INCREMENT,
  `elementId` int(11) NOT NULL,
  `locale` char(12) COLLATE utf8_unicode_ci NOT NULL,
  `field_mainTitle_mainTitle` text COLLATE utf8_unicode_ci,
  `field_secondTitle_secondTitle` text COLLATE utf8_unicode_ci,
  `field_textBlock_textBlock` text COLLATE utf8_unicode_ci,
  `field_photoBlock_caption` text COLLATE utf8_unicode_ci,
  `field_quoteBlock_quote` text COLLATE utf8_unicode_ci,
  `field_quoteBlock_cite` text COLLATE utf8_unicode_ci,
  `dateCreated` datetime NOT NULL,
  `dateUpdated` datetime NOT NULL,
  `uid` char(36) COLLATE utf8_unicode_ci NOT NULL DEFAULT '0',
  PRIMARY KEY (`id`),
  UNIQUE KEY `craft_matrixcontent_bloglayout_elementId_locale_unq_idx` (`elementId`,`locale`),
  KEY `craft_matrixcontent_bloglayout_locale_fk` (`locale`)
) ENGINE=InnoDB AUTO_INCREMENT=17 DEFAULT CHARSET=utf8 COLLATE=utf8_unicode_ci;

--
-- Data for table `craft_matrixcontent_bloglayout`
--

INSERT INTO `craft_matrixcontent_bloglayout` (`id`, `elementId`, `locale`, `field_mainTitle_mainTitle`, `field_secondTitle_secondTitle`, `field_textBlock_textBlock`, `field_photoBlock_caption`, `field_quoteBlock_quote`, `field_quoteBlock_cite`, `dateCreated`, `dateUpdated`, `uid`) VALUES
 ('1', '5', 'en_us', NULL, NULL, '<p>The modern web is rich with photography, iconography, and video, but image-heavy sites can result in poor performance for the end user. Part of providing an elegant user experience is asset optimization, and we use Amazon\'s <a href=\"https://aws.amazon.com/s3/\" target=\"_blank\" rel=\"noreferrer\">S3</a> and <a href=\"https://aws.amazon.com/cloudfront/\" target=\"_blank\" rel=\"noreferrer\">CloudFront</a> to do the heavy-lifting.</p>\n<p>There are a few reasons why we choose to use S3 to host static assets for our clients</p>', NULL, NULL, NULL, '2017-02-21 22:37:07', '2017-02-22 23:05:26', '09197047-711a-4dce-8fb7-7118183b418b'),
 ('2', '11', 'en_us', NULL, NULL, '<p>Following our Design on Tap event, we chatted with Eric Steen, and Bruce Kehe, from Hopworks Urban Brewery about branding beer.</p>', NULL, NULL, NULL, '2017-02-22 16:15:31', '2017-02-22 21:30:40', '3925b2e6-a9fe-49bc-b7dd-8c088d8fa015'),
 ('3', '17', 'en_us', 'Storage', NULL, NULL, NULL, NULL, NULL, '2017-02-22 21:54:22', '2017-02-22 23:05:26', '6a7a17ef-6f49-49ac-98db-a7398a492fdc'),
 ('4', '18', 'en_us', NULL, NULL, '<p>One of the largest pieces of overhead involved in hosting a website is data storage - and media assets make up a large part of that. Storing gigabytes of photography, video, and graphics on your web host can make it difficult to move, backup, or deploy your site because it makes it heavier (figuratively). Offloading your media files to the cloud allows you to keep your web server thin while maintaining a central repository to manage your digital assets.</p>', NULL, NULL, NULL, '2017-02-22 21:54:22', '2017-02-22 23:05:26', '6ed35278-0748-4108-a6ee-391af9b8b4d4'),
 ('5', '19', 'en_us', 'Speed', NULL, NULL, NULL, NULL, NULL, '2017-02-22 21:54:22', '2017-02-22 23:05:26', '041504a1-aa78-4b00-a85f-aee798eb6846'),
 ('6', '20', 'en_us', NULL, NULL, '<p>Amazon\'s servers are low-latency and have incredibly fast transfer speeds which allow for quick rendering. With the added bonuses of using a <a href=\"http://www.sitepoint.com/7-reasons-to-use-a-cdn/\" target=\"_blank\" rel=\"noreferrer\">Content Delivery Network (CDN)</a> such as caching and utilizing parallel downloads, you\'ll notice a huge difference in how fast your files show up on your page.</p>', NULL, NULL, NULL, '2017-02-22 21:54:22', '2017-02-22 23:05:26', '15fe12cb-583a-4dd7-ae48-361d8cb0a485'),
 ('7', '21', 'en_us', NULL, NULL, NULL, 'That\'s me', NULL, NULL, '2017-02-22 23:05:26', '2017-02-22 23:05:26', '778f80d1-2b3e-4c7d-9b94-f2504c0c412e'),
 ('8', '22', 'en_us', NULL, NULL, NULL, NULL, 'This is a quote in a quote block. To call attention to a specific phrases or sentence.', 'Ryan Hall', '2017-02-22 23:05:26', '2017-02-22 23:05:26', 'f7fc4ed3-9e4b-40ec-9bf7-c45e374906f0'),
 ('9', '24', 'en_us', NULL, NULL, '<p>The modern web is rich with photography, iconography, and video, but image-heavy sites can result in poor performance for the end user. Part of providing an elegant user experience is asset optimization, and we use Amazon\'s <a href=\"https://aws.amazon.com/s3/\" target=\"_blank\" rel=\"noreferrer\">S3</a> and <a href=\"https://aws.amazon.com/cloudfront/\" target=\"_blank\" rel=\"noreferrer\">CloudFront</a> to do the heavy-lifting.</p>\n<p>There are a few reasons why we choose to use S3 to host static assets for our clients</p>', NULL, NULL, NULL, '2017-02-23 00:03:50', '2017-02-23 00:03:53', 'eaa4d4d4-eea7-402d-915c-bdd505fc0abb'),
 ('10', '25', 'en_us', 'Storage', NULL, NULL, NULL, NULL, NULL, '2017-02-23 00:03:50', '2017-02-23 00:03:53', '77f22d16-f997-4a64-b1cd-1db8bc739fe5'),
 ('11', '26', 'en_us', NULL, NULL, '<p>One of the largest pieces of overhead involved in hosting a website is data storage - and media assets make up a large part of that. Storing gigabytes of photography, video, and graphics on your web host can make it difficult to move, backup, or deploy your site because it makes it heavier (figuratively). Offloading your media files to the cloud allows you to keep your web server thin while maintaining a central repository to manage your digital assets.</p>', NULL, NULL, NULL, '2017-02-23 00:03:50', '2017-02-23 00:03:53', '219be6a2-a80d-48b8-86bd-e232d9d2aa66'),
 ('12', '27', 'en_us', NULL, NULL, NULL, 'That\'s me', NULL, NULL, '2017-02-23 00:03:50', '2017-02-23 00:03:53', '18e66294-f146-4cec-9f7a-d5ce75d54149'),
 ('13', '28', 'en_us', 'Speed', NULL, NULL, NULL, NULL, NULL, '2017-02-23 00:03:50', '2017-02-23 00:03:53', '830eda40-07d5-4b66-bcc7-612cb5fe674d'),
 ('14', '29', 'en_us', NULL, NULL, '<p>Amazon\'s servers are low-latency and have incredibly fast transfer speeds which allow for quick rendering. With the added bonuses of using a <a href=\"http://www.sitepoint.com/7-reasons-to-use-a-cdn/\" target=\"_blank\" rel=\"noreferrer\">Content Delivery Network (CDN)</a> such as caching and utilizing parallel downloads, you\'ll notice a huge difference in how fast your files show up on your page.</p>', NULL, NULL, NULL, '2017-02-23 00:03:50', '2017-02-23 00:03:53', '7d98d642-6fa8-4e3e-b7e9-9aec5fdc362a'),
 ('15', '30', 'en_us', NULL, NULL, NULL, NULL, 'This is a quote in a quote block. To call attention to a specific phrases or sentence.', 'Ryan Hall', '2017-02-23 00:03:50', '2017-02-23 00:03:53', 'a466daaf-f946-4ca1-bdf1-38dbc027b716'),
 ('16', '32', 'en_us', NULL, NULL, '<p>Following our Design on Tap event, we chatted with Eric Steen, and Bruce Kehe, from Hopworks Urban Brewery about branding beer.</p>', NULL, NULL, NULL, '2017-02-23 00:13:07', '2017-02-23 00:13:09', 'b22a72c1-19ce-4c39-8a65-b8ba5a9a5442');



DROP TABLE IF EXISTS `craft_migrations`;


--
-- Schema for table `craft_migrations`
--
CREATE TABLE `craft_migrations` (
  `id` int(11) NOT NULL AUTO_INCREMENT,
  `pluginId` int(11) DEFAULT NULL,
  `version` varchar(255) COLLATE utf8_unicode_ci NOT NULL,
  `applyTime` datetime NOT NULL,
  `dateCreated` datetime NOT NULL,
  `dateUpdated` datetime NOT NULL,
  `uid` char(36) COLLATE utf8_unicode_ci NOT NULL DEFAULT '0',
  PRIMARY KEY (`id`),
  UNIQUE KEY `craft_migrations_version_unq_idx` (`version`),
  KEY `craft_migrations_pluginId_fk` (`pluginId`)
) ENGINE=InnoDB AUTO_INCREMENT=39 DEFAULT CHARSET=utf8 COLLATE=utf8_unicode_ci;

--
-- Data for table `craft_migrations`
--

INSERT INTO `craft_migrations` (`id`, `pluginId`, `version`, `applyTime`, `dateCreated`, `dateUpdated`, `uid`) VALUES
 ('1', NULL, 'm000000_000000_base', '2017-02-21 21:10:13', '2017-02-21 21:10:13', '2017-02-21 21:10:13', '55550b74-721a-4273-9c99-99148574eab0'),
 ('2', NULL, 'm140730_000001_add_filename_and_format_to_transformindex', '2017-02-21 21:10:13', '2017-02-21 21:10:13', '2017-02-21 21:10:13', '8969720a-b375-4698-89ba-fcf9665f763a'),
 ('3', NULL, 'm140815_000001_add_format_to_transforms', '2017-02-21 21:10:13', '2017-02-21 21:10:13', '2017-02-21 21:10:13', '42c872ff-e761-4880-a02c-b2473e2bd405'),
 ('4', NULL, 'm140822_000001_allow_more_than_128_items_per_field', '2017-02-21 21:10:13', '2017-02-21 21:10:13', '2017-02-21 21:10:13', 'f1cabfc8-4ec2-4872-b615-71c48a9c7eee'),
 ('5', NULL, 'm140829_000001_single_title_formats', '2017-02-21 21:10:13', '2017-02-21 21:10:13', '2017-02-21 21:10:13', '302579fc-c4e4-48f9-8bcd-5ed9a44dab43'),
 ('6', NULL, 'm140831_000001_extended_cache_keys', '2017-02-21 21:10:13', '2017-02-21 21:10:13', '2017-02-21 21:10:13', 'ed63e3b9-f85a-400e-839b-878f5ea3694b'),
 ('7', NULL, 'm140922_000001_delete_orphaned_matrix_blocks', '2017-02-21 21:10:13', '2017-02-21 21:10:13', '2017-02-21 21:10:13', 'a3aaf7ee-4b4a-4a7f-83dc-3280a91a2743'),
 ('8', NULL, 'm141008_000001_elements_index_tune', '2017-02-21 21:10:13', '2017-02-21 21:10:13', '2017-02-21 21:10:13', 'bbd5bd8b-e1ae-4f9b-a251-15fefa275ac5'),
 ('9', NULL, 'm141009_000001_assets_source_handle', '2017-02-21 21:10:13', '2017-02-21 21:10:13', '2017-02-21 21:10:13', '3a3250e7-aa30-4d23-84af-08abcd57f3bf'),
 ('10', NULL, 'm141024_000001_field_layout_tabs', '2017-02-21 21:10:13', '2017-02-21 21:10:13', '2017-02-21 21:10:13', '9aef0975-e5b7-4940-95bf-8a2d8437f807'),
 ('11', NULL, 'm141030_000000_plugin_schema_versions', '2017-02-21 21:10:13', '2017-02-21 21:10:13', '2017-02-21 21:10:13', '55fe0aa4-98cd-4b17-8cdf-880b71ca9d9e'),
 ('12', NULL, 'm141030_000001_drop_structure_move_permission', '2017-02-21 21:10:13', '2017-02-21 21:10:13', '2017-02-21 21:10:13', '59fa01a6-b5d7-44a0-a71a-cc79f64f8423'),
 ('13', NULL, 'm141103_000001_tag_titles', '2017-02-21 21:10:13', '2017-02-21 21:10:13', '2017-02-21 21:10:13', '63e78ada-0494-4e6c-917b-c53fda849702'),
 ('14', NULL, 'm141109_000001_user_status_shuffle', '2017-02-21 21:10:13', '2017-02-21 21:10:13', '2017-02-21 21:10:13', '83bb660d-679b-4b0f-bff6-f0500ad9b21f'),
 ('15', NULL, 'm141126_000001_user_week_start_day', '2017-02-21 21:10:13', '2017-02-21 21:10:13', '2017-02-21 21:10:13', 'ebce88ec-f261-4e4c-af2b-ab41629bad9a'),
 ('16', NULL, 'm150210_000001_adjust_user_photo_size', '2017-02-21 21:10:13', '2017-02-21 21:10:13', '2017-02-21 21:10:13', '3c0982b5-bd98-4ff7-8c56-c6128e2c7828'),
 ('17', NULL, 'm150724_000001_adjust_quality_settings', '2017-02-21 21:10:13', '2017-02-21 21:10:13', '2017-02-21 21:10:13', '3883c37d-5902-43f8-9f30-67bc0a7f5796'),
 ('18', NULL, 'm150827_000000_element_index_settings', '2017-02-21 21:10:13', '2017-02-21 21:10:13', '2017-02-21 21:10:13', '080cbcb3-5bc5-4c51-a460-95b9f6a341ab'),
 ('19', NULL, 'm150918_000001_add_colspan_to_widgets', '2017-02-21 21:10:13', '2017-02-21 21:10:13', '2017-02-21 21:10:13', '254e0726-d470-4c8a-b3d7-e673b17fa1ec'),
 ('20', NULL, 'm151007_000000_clear_asset_caches', '2017-02-21 21:10:13', '2017-02-21 21:10:13', '2017-02-21 21:10:13', 'a7e4b850-c181-4564-8228-7c4b263705a4'),
 ('21', NULL, 'm151109_000000_text_url_formats', '2017-02-21 21:10:13', '2017-02-21 21:10:13', '2017-02-21 21:10:13', '9e29ad63-7042-4bce-bad0-8110ac87c350'),
 ('22', NULL, 'm151110_000000_move_logo', '2017-02-21 21:10:13', '2017-02-21 21:10:13', '2017-02-21 21:10:13', '45eb51ef-5618-4330-b31f-c4f8be9ebba6'),
 ('23', NULL, 'm151117_000000_adjust_image_widthheight', '2017-02-21 21:10:13', '2017-02-21 21:10:13', '2017-02-21 21:10:13', '8e3bc051-b1c2-4128-8fb8-c34ec7cc6f00'),
 ('24', NULL, 'm151127_000000_clear_license_key_status', '2017-02-21 21:10:13', '2017-02-21 21:10:13', '2017-02-21 21:10:13', '8cd02ff8-ce07-4a7e-9e3a-f940652797bc'),
 ('25', NULL, 'm151127_000000_plugin_license_keys', '2017-02-21 21:10:13', '2017-02-21 21:10:13', '2017-02-21 21:10:13', '2a4490c7-700d-4a0a-86a6-55606304368a'),
 ('26', NULL, 'm151130_000000_update_pt_widget_feeds', '2017-02-21 21:10:13', '2017-02-21 21:10:13', '2017-02-21 21:10:13', '510f92e8-5133-44fd-a341-1103204bc2e9'),
 ('27', NULL, 'm160114_000000_asset_sources_public_url_default_true', '2017-02-21 21:10:13', '2017-02-21 21:10:13', '2017-02-21 21:10:13', '35bb3e3c-5e5e-4297-b863-2bebe3dd3786'),
 ('28', NULL, 'm160223_000000_sortorder_to_smallint', '2017-02-21 21:10:13', '2017-02-21 21:10:13', '2017-02-21 21:10:13', 'e0d84459-461f-4050-a069-16e45e5735a8'),
 ('29', NULL, 'm160229_000000_set_default_entry_statuses', '2017-02-21 21:10:13', '2017-02-21 21:10:13', '2017-02-21 21:10:13', '60971c2e-103c-4ee0-bc55-86ed40e03d36'),
 ('30', NULL, 'm160304_000000_client_permissions', '2017-02-21 21:10:13', '2017-02-21 21:10:13', '2017-02-21 21:10:13', 'bfca8e1f-6b94-436f-b28e-a4b171a83e92'),
 ('31', NULL, 'm160322_000000_asset_filesize', '2017-02-21 21:10:13', '2017-02-21 21:10:13', '2017-02-21 21:10:13', '99a0051b-7cad-4a94-b7ed-dcda5d354913'),
 ('32', NULL, 'm160503_000000_orphaned_fieldlayouts', '2017-02-21 21:10:13', '2017-02-21 21:10:13', '2017-02-21 21:10:13', '19062762-df4b-4504-8a70-faf24f3946a5'),
 ('33', NULL, 'm160510_000000_tasksettings', '2017-02-21 21:10:13', '2017-02-21 21:10:13', '2017-02-21 21:10:13', '5b3cbbb3-1c9e-4abf-b843-13602e16ee41'),
 ('34', NULL, 'm160829_000000_pending_user_content_cleanup', '2017-02-21 21:10:13', '2017-02-21 21:10:13', '2017-02-21 21:10:13', 'a1cfbcfe-f4e4-43d4-9f99-25896081da3b'),
 ('35', NULL, 'm160830_000000_asset_index_uri_increase', '2017-02-21 21:10:13', '2017-02-21 21:10:13', '2017-02-21 21:10:13', 'a93aaa07-0baa-4434-9bb5-614d84322d76'),
 ('36', NULL, 'm160919_000000_usergroup_handle_title_unique', '2017-02-21 21:10:13', '2017-02-21 21:10:13', '2017-02-21 21:10:13', '325447d0-bdbd-474b-b32f-7c49f3482d54'),
 ('37', NULL, 'm161108_000000_new_version_format', '2017-02-21 21:10:13', '2017-02-21 21:10:13', '2017-02-21 21:10:13', 'd1929eb1-95a9-4a79-b088-3ebec9fca549'),
 ('38', NULL, 'm161109_000000_index_shuffle', '2017-02-21 21:10:13', '2017-02-21 21:10:13', '2017-02-21 21:10:13', 'ba7f6168-ab4a-46b7-bf97-209975b3ce67');



DROP TABLE IF EXISTS `craft_plugins`;


--
-- Schema for table `craft_plugins`
--
CREATE TABLE `craft_plugins` (
  `id` int(11) NOT NULL AUTO_INCREMENT,
  `class` varchar(150) COLLATE utf8_unicode_ci NOT NULL,
  `version` varchar(15) COLLATE utf8_unicode_ci NOT NULL,
  `schemaVersion` varchar(15) COLLATE utf8_unicode_ci DEFAULT NULL,
  `licenseKey` char(24) COLLATE utf8_unicode_ci DEFAULT NULL,
  `licenseKeyStatus` enum('valid','invalid','mismatched','unknown') COLLATE utf8_unicode_ci NOT NULL DEFAULT 'unknown',
  `enabled` tinyint(1) unsigned NOT NULL DEFAULT '0',
  `settings` text COLLATE utf8_unicode_ci,
  `installDate` datetime NOT NULL,
  `dateCreated` datetime NOT NULL,
  `dateUpdated` datetime NOT NULL,
  `uid` char(36) COLLATE utf8_unicode_ci NOT NULL DEFAULT '0',
  PRIMARY KEY (`id`)
) ENGINE=InnoDB DEFAULT CHARSET=utf8 COLLATE=utf8_unicode_ci;

DROP TABLE IF EXISTS `craft_rackspaceaccess`;


--
-- Schema for table `craft_rackspaceaccess`
--
CREATE TABLE `craft_rackspaceaccess` (
  `id` int(11) NOT NULL AUTO_INCREMENT,
  `connectionKey` varchar(255) COLLATE utf8_unicode_ci NOT NULL,
  `token` varchar(255) COLLATE utf8_unicode_ci NOT NULL,
  `storageUrl` varchar(255) COLLATE utf8_unicode_ci NOT NULL,
  `cdnUrl` varchar(255) COLLATE utf8_unicode_ci NOT NULL,
  `dateCreated` datetime NOT NULL,
  `dateUpdated` datetime NOT NULL,
  `uid` char(36) COLLATE utf8_unicode_ci NOT NULL DEFAULT '0',
  PRIMARY KEY (`id`),
  UNIQUE KEY `craft_rackspaceaccess_connectionKey_unq_idx` (`connectionKey`)
) ENGINE=InnoDB DEFAULT CHARSET=utf8 COLLATE=utf8_unicode_ci;

DROP TABLE IF EXISTS `craft_relations`;


--
-- Schema for table `craft_relations`
--
CREATE TABLE `craft_relations` (
  `id` int(11) NOT NULL AUTO_INCREMENT,
  `fieldId` int(11) NOT NULL,
  `sourceId` int(11) NOT NULL,
  `sourceLocale` char(12) COLLATE utf8_unicode_ci DEFAULT NULL,
  `targetId` int(11) NOT NULL,
  `sortOrder` smallint(6) DEFAULT NULL,
  `dateCreated` datetime NOT NULL,
  `dateUpdated` datetime NOT NULL,
  `uid` char(36) COLLATE utf8_unicode_ci NOT NULL DEFAULT '0',
  PRIMARY KEY (`id`),
  UNIQUE KEY `craft_relations_fieldId_sourceId_sourceLocale_targetId_unq_idx` (`fieldId`,`sourceId`,`sourceLocale`,`targetId`),
  KEY `craft_relations_sourceId_fk` (`sourceId`),
  KEY `craft_relations_sourceLocale_fk` (`sourceLocale`),
  KEY `craft_relations_targetId_fk` (`targetId`)
) ENGINE=InnoDB AUTO_INCREMENT=50 DEFAULT CHARSET=utf8 COLLATE=utf8_unicode_ci;

--
-- Data for table `craft_relations`
--

INSERT INTO `craft_relations` (`id`, `fieldId`, `sourceId`, `sourceLocale`, `targetId`, `sortOrder`, `dateCreated`, `dateUpdated`, `uid`) VALUES
 ('12', '16', '2', NULL, '12', '1', '2017-02-22 21:06:09', '2017-02-22 21:06:09', '897b4855-c1ad-4281-8726-c6aa10554e49'),
 ('18', '20', '10', NULL, '6', '1', '2017-02-22 21:30:40', '2017-02-22 21:30:40', '1579ddce-3041-42b3-9ae5-9a4e82ea6644'),
 ('19', '17', '10', NULL, '13', '1', '2017-02-22 21:30:40', '2017-02-22 21:30:40', '2fdb3f64-729d-4353-bbf5-2e32a2f24004'),
 ('31', '7', '21', NULL, '9', '1', '2017-02-22 23:05:26', '2017-02-22 23:05:26', '1e6616a5-f8be-46c9-8000-fc31eb146fa4'),
 ('32', '20', '4', NULL, '6', '1', '2017-02-22 23:05:26', '2017-02-22 23:05:26', '2a2a6ad4-d167-498f-b97f-dec7960c8369'),
 ('33', '20', '4', NULL, '7', '2', '2017-02-22 23:05:26', '2017-02-22 23:05:26', '798b48bf-4aef-483d-b32c-7e0f191e8b36'),
 ('34', '17', '4', NULL, '14', '1', '2017-02-22 23:05:26', '2017-02-22 23:05:26', 'efc0c54f-7020-427a-b87e-a7bf565b02ce'),
 ('35', '16', '4', NULL, '16', '1', '2017-02-22 23:05:26', '2017-02-22 23:05:26', 'bd3b1502-1f37-4b17-9711-1b059e19cda0'),
 ('41', '7', '27', NULL, '9', '1', '2017-02-23 00:03:53', '2017-02-23 00:03:53', 'd0289b73-ca37-4dc1-8be4-a713a9836c14'),
 ('42', '20', '23', NULL, '6', '1', '2017-02-23 00:03:53', '2017-02-23 00:03:53', 'af2a200b-96a0-459c-ac32-c4f092ac9de4'),
 ('43', '20', '23', NULL, '7', '2', '2017-02-23 00:03:53', '2017-02-23 00:03:53', '635ac78e-3eeb-489a-bbc7-e00a2610b7aa'),
 ('44', '17', '23', NULL, '14', '1', '2017-02-23 00:03:53', '2017-02-23 00:03:53', 'c4207d2f-c0cb-4d6b-8bb0-7dae04c6e632'),
 ('45', '16', '23', NULL, '16', '1', '2017-02-23 00:03:53', '2017-02-23 00:03:53', 'c38a97b1-fa49-4ded-a629-92e2c984093a'),
 ('48', '20', '31', NULL, '6', '1', '2017-02-23 00:13:09', '2017-02-23 00:13:09', '8cd2d336-47e4-43f3-b4ff-dc00742ab2d6'),
 ('49', '17', '31', NULL, '13', '1', '2017-02-23 00:13:09', '2017-02-23 00:13:09', 'fd739bf2-0b97-445c-ac76-91a705f8276d');



DROP TABLE IF EXISTS `craft_routes`;


--
-- Schema for table `craft_routes`
--
CREATE TABLE `craft_routes` (
  `id` int(11) NOT NULL AUTO_INCREMENT,
  `locale` char(12) COLLATE utf8_unicode_ci DEFAULT NULL,
  `urlParts` varchar(255) COLLATE utf8_unicode_ci NOT NULL,
  `urlPattern` varchar(255) COLLATE utf8_unicode_ci NOT NULL,
  `template` varchar(255) COLLATE utf8_unicode_ci NOT NULL,
  `sortOrder` smallint(6) unsigned DEFAULT NULL,
  `dateCreated` datetime NOT NULL,
  `dateUpdated` datetime NOT NULL,
  `uid` char(36) COLLATE utf8_unicode_ci NOT NULL DEFAULT '0',
  PRIMARY KEY (`id`),
  UNIQUE KEY `craft_routes_urlPattern_unq_idx` (`urlPattern`),
  KEY `craft_routes_locale_idx` (`locale`)
) ENGINE=InnoDB DEFAULT CHARSET=utf8 COLLATE=utf8_unicode_ci;

DROP TABLE IF EXISTS `craft_searchindex`;


--
-- Schema for table `craft_searchindex`
--
CREATE TABLE `craft_searchindex` (
  `elementId` int(11) NOT NULL,
  `attribute` varchar(25) COLLATE utf8_unicode_ci NOT NULL,
  `fieldId` int(11) NOT NULL,
  `locale` char(12) COLLATE utf8_unicode_ci NOT NULL,
  `keywords` text COLLATE utf8_unicode_ci NOT NULL,
  PRIMARY KEY (`elementId`,`attribute`,`fieldId`,`locale`),
  FULLTEXT KEY `craft_searchindex_keywords_idx` (`keywords`)
) ENGINE=MyISAM DEFAULT CHARSET=utf8 COLLATE=utf8_unicode_ci;

--
-- Data for table `craft_searchindex`
--

INSERT INTO `craft_searchindex` (`elementId`, `attribute`, `fieldId`, `locale`, `keywords`) VALUES
 ('1', 'username', '0', 'en_us', ' ryanhall '),
 ('1', 'firstname', '0', 'en_us', ' ryan '),
 ('1', 'lastname', '0', 'en_us', ' hall '),
 ('1', 'fullname', '0', 'en_us', ' ryan hall '),
 ('1', 'email', '0', 'en_us', ' ryan ryanhallmedia com '),
 ('1', 'slug', '0', 'en_us', ''),
 ('2', 'slug', '0', 'en_us', ' homepage '),
 ('2', 'title', '0', 'en_us', ' ryan s test blog '),
 ('2', 'field', '1', 'en_us', ' it s true this site doesn t have a whole lot of content yet but don t worry our web developers have just installed the cms and they re setting things up for the content editors this very moment soon dev blog com will be an oasis of fresh perspectives sharp analyses and astute opinions that will keep you coming back again and again '),
 ('3', 'field', '1', 'en_us', ' craft is the cms that s powering dev blog com it s beautiful powerful flexible and easy to use and it s made by pixel tonic we can t wait to dive in and see what it s capable of this is even more captivating content which you couldn t see on the news index page because it was entered after a page break and the news index template only likes to show the content on the first page craft a nice alternative to word if you re making a website '),
 ('3', 'field', '2', 'en_us', ''),
 ('3', 'slug', '0', 'en_us', ' we just installed craft '),
 ('3', 'title', '0', 'en_us', ' we just installed craft '),
 ('4', 'field', '18', 'en_us', ' hosting static files with s3 cloudfront '),
 ('4', 'field', '19', 'en_us', ' this is something '),
 ('4', 'field', '3', 'en_us', ' the modern web is rich with photography iconography and video but image heavy sites can result in poor performance for the end user part of providing an elegant user experience is asset optimization and we use amazon s s3 and cloudfront to do the heavy lifting there are a few reasons why we choose to use s3 to host static assets for our clients storage one of the largest pieces of overhead involved in hosting a website is data storage and media assets make up a large part of that storing gigabytes of photography video and graphics on your web host can make it difficult to move backup or deploy your site because it makes it heavier figuratively offloading your media files to the cloud allows you to keep your web server thin while maintaining a central repository to manage your digital assets that s me ryan speed amazon s servers are low latency and have incredibly fast transfer speeds which allow for quick rendering with the added bonuses of using a content delivery network cdn such as caching and utilizing parallel downloads you ll notice a huge difference in how fast your files show up on your page ryan hall this is a quote in a quote block to call attention to a specific phrases or sentence '),
 ('4', 'field', '12', 'en_us', ' the modern web is rich with photography iconography and video but image heavy sites can result in poor performance for the end user '),
 ('4', 'field', '13', 'en_us', ' 1 '),
 ('4', 'field', '2', 'en_us', ''),
 ('4', 'field', '17', 'en_us', ' static assets with amazon s3 '),
 ('4', 'field', '16', 'en_us', ' static assets with amazon s3 1 '),
 ('4', 'slug', '0', 'en_us', ' the first post '),
 ('4', 'title', '0', 'en_us', ' hosting static files with s3 cloudfront '),
 ('5', 'field', '6', 'en_us', ' the modern web is rich with photography iconography and video but image heavy sites can result in poor performance for the end user part of providing an elegant user experience is asset optimization and we use amazon s s3 and cloudfront to do the heavy lifting there are a few reasons why we choose to use s3 to host static assets for our clients '),
 ('5', 'slug', '0', 'en_us', ''),
 ('2', 'field', '14', 'en_us', ' ryan halls kickass test blog '),
 ('2', 'field', '15', 'en_us', ' this is a blog about nothing its main use is to prove that i can use craftand don t write shit code some of this code is pretty shitty though '),
 ('2', 'field', '16', 'en_us', ' blog back '),
 ('6', 'name', '0', 'en_us', ' blogpost '),
 ('6', 'slug', '0', 'en_us', ' blogpost '),
 ('6', 'title', '0', 'en_us', ' blogpost '),
 ('4', 'field', '20', 'en_us', ' blogpost another test '),
 ('7', 'name', '0', 'en_us', ' another test '),
 ('7', 'slug', '0', 'en_us', ' another test '),
 ('7', 'title', '0', 'en_us', ' another test '),
 ('8', 'filename', '0', 'en_us', ' me jpg '),
 ('8', 'extension', '0', 'en_us', ' jpg '),
 ('8', 'kind', '0', 'en_us', ' image '),
 ('8', 'slug', '0', 'en_us', ' me '),
 ('8', 'title', '0', 'en_us', ' me '),
 ('9', 'filename', '0', 'en_us', ' ryan png '),
 ('9', 'extension', '0', 'en_us', ' png '),
 ('9', 'kind', '0', 'en_us', ' image '),
 ('9', 'slug', '0', 'en_us', ' ryan '),
 ('9', 'title', '0', 'en_us', ' ryan '),
 ('10', 'field', '18', 'en_us', ' designing an exceptional beer experience '),
 ('10', 'field', '19', 'en_us', ' this is another test post '),
 ('10', 'field', '3', 'en_us', ' following our design on tap event we chatted with eric steen and bruce kehe from hopworks urban brewery about branding beer '),
 ('10', 'field', '12', 'en_us', ' following our design on tap event we chatted with eric steen and bruce kehe from hopworks urban brewery about branding beer '),
 ('10', 'field', '13', 'en_us', ' 2 '),
 ('10', 'field', '20', 'en_us', ' blogpost '),
 ('10', 'field', '2', 'en_us', ''),
 ('10', 'field', '17', 'en_us', ' logos 04 '),
 ('10', 'field', '16', 'en_us', ''),
 ('10', 'slug', '0', 'en_us', ' another test post '),
 ('10', 'title', '0', 'en_us', ' designing an exceptional beer experience '),
 ('11', 'field', '6', 'en_us', ' following our design on tap event we chatted with eric steen and bruce kehe from hopworks urban brewery about branding beer '),
 ('11', 'slug', '0', 'en_us', ''),
 ('12', 'filename', '0', 'en_us', ' blog back jpg '),
 ('12', 'extension', '0', 'en_us', ' jpg '),
 ('12', 'kind', '0', 'en_us', ' image '),
 ('12', 'slug', '0', 'en_us', ' blog back '),
 ('12', 'title', '0', 'en_us', ' blog back '),
 ('13', 'filename', '0', 'en_us', ' logos 04 png '),
 ('13', 'extension', '0', 'en_us', ' png '),
 ('13', 'kind', '0', 'en_us', ' image '),
 ('13', 'slug', '0', 'en_us', ' logos 04 '),
 ('13', 'title', '0', 'en_us', ' logos 04 '),
 ('14', 'filename', '0', 'en_us', ' static assets with amazon s3 jpg '),
 ('14', 'extension', '0', 'en_us', ' jpg '),
 ('14', 'kind', '0', 'en_us', ' image '),
 ('14', 'slug', '0', 'en_us', ' static assets with amazon s3 '),
 ('14', 'title', '0', 'en_us', ' static assets with amazon s3 '),
 ('16', 'filename', '0', 'en_us', ' static assets with amazon s3 1 jpg '),
 ('16', 'extension', '0', 'en_us', ' jpg '),
 ('16', 'kind', '0', 'en_us', ' image '),
 ('16', 'slug', '0', 'en_us', ' static assets with amazon s3 1 '),
 ('16', 'title', '0', 'en_us', ' static assets with amazon s3 1 '),
 ('17', 'field', '4', 'en_us', ' storage '),
 ('17', 'slug', '0', 'en_us', ''),
 ('18', 'field', '6', 'en_us', ' one of the largest pieces of overhead involved in hosting a website is data storage and media assets make up a large part of that storing gigabytes of photography video and graphics on your web host can make it difficult to move backup or deploy your site because it makes it heavier figuratively offloading your media files to the cloud allows you to keep your web server thin while maintaining a central repository to manage your digital assets '),
 ('18', 'slug', '0', 'en_us', ''),
 ('19', 'field', '4', 'en_us', ' speed '),
 ('19', 'slug', '0', 'en_us', ''),
 ('20', 'field', '6', 'en_us', ' amazon s servers are low latency and have incredibly fast transfer speeds which allow for quick rendering with the added bonuses of using a content delivery network cdn such as caching and utilizing parallel downloads you ll notice a huge difference in how fast your files show up on your page '),
 ('20', 'slug', '0', 'en_us', ''),
 ('21', 'field', '7', 'en_us', ' ryan '),
 ('21', 'field', '8', 'en_us', ' that s me '),
 ('21', 'slug', '0', 'en_us', ''),
 ('22', 'field', '10', 'en_us', ' this is a quote in a quote block to call attention to a specific phrases or sentence '),
 ('22', 'field', '11', 'en_us', ' ryan hall '),
 ('22', 'slug', '0', 'en_us', ''),
 ('23', 'field', '18', 'en_us', ' hosting static files with s3 cloudfront '),
 ('23', 'field', '19', 'en_us', ' this is something '),
 ('23', 'field', '3', 'en_us', ' the modern web is rich with photography iconography and video but image heavy sites can result in poor performance for the end user part of providing an elegant user experience is asset optimization and we use amazon s s3 and cloudfront to do the heavy lifting there are a few reasons why we choose to use s3 to host static assets for our clients storage one of the largest pieces of overhead involved in hosting a website is data storage and media assets make up a large part of that storing gigabytes of photography video and graphics on your web host can make it difficult to move backup or deploy your site because it makes it heavier figuratively offloading your media files to the cloud allows you to keep your web server thin while maintaining a central repository to manage your digital assets that s me ryan speed amazon s servers are low latency and have incredibly fast transfer speeds which allow for quick rendering with the added bonuses of using a content delivery network cdn such as caching and utilizing parallel downloads you ll notice a huge difference in how fast your files show up on your page ryan hall this is a quote in a quote block to call attention to a specific phrases or sentence '),
 ('23', 'field', '12', 'en_us', ' the modern web is rich with photography iconography and video but image heavy sites can result in poor performance for the end user '),
 ('23', 'field', '13', 'en_us', ' 1 '),
 ('23', 'field', '20', 'en_us', ' blogpost another test '),
 ('23', 'field', '2', 'en_us', ''),
 ('23', 'field', '17', 'en_us', ' static assets with amazon s3 ');
INSERT INTO `craft_searchindex` (`elementId`, `attribute`, `fieldId`, `locale`, `keywords`) VALUES
 ('23', 'field', '16', 'en_us', ' static assets with amazon s3 1 '),
 ('23', 'slug', '0', 'en_us', ' the first post 1 '),
 ('23', 'title', '0', 'en_us', ' hosting static files with s3 cloudfront '),
 ('24', 'field', '6', 'en_us', ' the modern web is rich with photography iconography and video but image heavy sites can result in poor performance for the end user part of providing an elegant user experience is asset optimization and we use amazon s s3 and cloudfront to do the heavy lifting there are a few reasons why we choose to use s3 to host static assets for our clients '),
 ('24', 'slug', '0', 'en_us', ''),
 ('25', 'field', '4', 'en_us', ' storage '),
 ('25', 'slug', '0', 'en_us', ''),
 ('26', 'field', '6', 'en_us', ' one of the largest pieces of overhead involved in hosting a website is data storage and media assets make up a large part of that storing gigabytes of photography video and graphics on your web host can make it difficult to move backup or deploy your site because it makes it heavier figuratively offloading your media files to the cloud allows you to keep your web server thin while maintaining a central repository to manage your digital assets '),
 ('26', 'slug', '0', 'en_us', ''),
 ('27', 'field', '7', 'en_us', ' ryan '),
 ('27', 'field', '8', 'en_us', ' that s me '),
 ('27', 'slug', '0', 'en_us', ''),
 ('28', 'field', '4', 'en_us', ' speed '),
 ('28', 'slug', '0', 'en_us', ''),
 ('29', 'field', '6', 'en_us', ' amazon s servers are low latency and have incredibly fast transfer speeds which allow for quick rendering with the added bonuses of using a content delivery network cdn such as caching and utilizing parallel downloads you ll notice a huge difference in how fast your files show up on your page '),
 ('29', 'slug', '0', 'en_us', ''),
 ('30', 'field', '10', 'en_us', ' this is a quote in a quote block to call attention to a specific phrases or sentence '),
 ('30', 'field', '11', 'en_us', ' ryan hall '),
 ('30', 'slug', '0', 'en_us', ''),
 ('31', 'field', '18', 'en_us', ' designing an exceptional beer experience '),
 ('31', 'field', '19', 'en_us', ' this is another test post '),
 ('31', 'field', '3', 'en_us', ' following our design on tap event we chatted with eric steen and bruce kehe from hopworks urban brewery about branding beer '),
 ('31', 'field', '12', 'en_us', ' following our design on tap event we chatted with eric steen and bruce kehe from hopworks urban brewery about branding beer '),
 ('31', 'field', '13', 'en_us', ' 2 '),
 ('31', 'field', '20', 'en_us', ' blogpost '),
 ('31', 'field', '2', 'en_us', ''),
 ('31', 'field', '17', 'en_us', ' logos 04 '),
 ('31', 'field', '16', 'en_us', ''),
 ('31', 'slug', '0', 'en_us', ' another test post 1 '),
 ('31', 'title', '0', 'en_us', ' designing an exceptional beer experience '),
 ('32', 'field', '6', 'en_us', ' following our design on tap event we chatted with eric steen and bruce kehe from hopworks urban brewery about branding beer '),
 ('32', 'slug', '0', 'en_us', '');



DROP TABLE IF EXISTS `craft_sections`;


--
-- Schema for table `craft_sections`
--
CREATE TABLE `craft_sections` (
  `id` int(11) NOT NULL AUTO_INCREMENT,
  `structureId` int(11) DEFAULT NULL,
  `name` varchar(255) COLLATE utf8_unicode_ci NOT NULL,
  `handle` varchar(255) COLLATE utf8_unicode_ci NOT NULL,
  `type` enum('single','channel','structure') COLLATE utf8_unicode_ci NOT NULL DEFAULT 'channel',
  `hasUrls` tinyint(1) unsigned NOT NULL DEFAULT '1',
  `template` varchar(500) COLLATE utf8_unicode_ci DEFAULT NULL,
  `enableVersioning` tinyint(1) unsigned NOT NULL DEFAULT '0',
  `dateCreated` datetime NOT NULL,
  `dateUpdated` datetime NOT NULL,
  `uid` char(36) COLLATE utf8_unicode_ci NOT NULL DEFAULT '0',
  PRIMARY KEY (`id`),
  UNIQUE KEY `craft_sections_name_unq_idx` (`name`),
  UNIQUE KEY `craft_sections_handle_unq_idx` (`handle`),
  KEY `craft_sections_structureId_fk` (`structureId`)
) ENGINE=InnoDB AUTO_INCREMENT=4 DEFAULT CHARSET=utf8 COLLATE=utf8_unicode_ci;

--
-- Data for table `craft_sections`
--

INSERT INTO `craft_sections` (`id`, `structureId`, `name`, `handle`, `type`, `hasUrls`, `template`, `enableVersioning`, `dateCreated`, `dateUpdated`, `uid`) VALUES
 ('1', NULL, 'Homepage', 'homepage', 'single', '1', 'index', '1', '2017-02-21 21:10:19', '2017-02-21 21:10:19', 'ee370083-71ad-45ef-83a9-2e5fa51fa908'),
 ('2', NULL, 'News', 'news', 'channel', '1', 'news/_entry', '1', '2017-02-21 21:10:19', '2017-02-21 21:10:19', '515123a5-e467-436e-88de-02c45e243040'),
 ('3', NULL, 'Blog', 'blog', 'channel', '1', 'blog/_entry', '1', '2017-02-21 21:44:56', '2017-02-21 21:44:56', '437ddfa2-e5c1-4b34-8c97-45f95541c52c');



DROP TABLE IF EXISTS `craft_sections_i18n`;


--
-- Schema for table `craft_sections_i18n`
--
CREATE TABLE `craft_sections_i18n` (
  `id` int(11) NOT NULL AUTO_INCREMENT,
  `sectionId` int(11) NOT NULL,
  `locale` char(12) COLLATE utf8_unicode_ci NOT NULL,
  `enabledByDefault` tinyint(1) unsigned NOT NULL DEFAULT '1',
  `urlFormat` text COLLATE utf8_unicode_ci,
  `nestedUrlFormat` text COLLATE utf8_unicode_ci,
  `dateCreated` datetime NOT NULL,
  `dateUpdated` datetime NOT NULL,
  `uid` char(36) COLLATE utf8_unicode_ci NOT NULL DEFAULT '0',
  PRIMARY KEY (`id`),
  UNIQUE KEY `craft_sections_i18n_sectionId_locale_unq_idx` (`sectionId`,`locale`),
  KEY `craft_sections_i18n_locale_fk` (`locale`)
) ENGINE=InnoDB AUTO_INCREMENT=4 DEFAULT CHARSET=utf8 COLLATE=utf8_unicode_ci;

--
-- Data for table `craft_sections_i18n`
--

INSERT INTO `craft_sections_i18n` (`id`, `sectionId`, `locale`, `enabledByDefault`, `urlFormat`, `nestedUrlFormat`, `dateCreated`, `dateUpdated`, `uid`) VALUES
 ('1', '1', 'en_us', '1', '__home__', NULL, '2017-02-21 21:10:19', '2017-02-21 21:10:19', '6bce0f67-b540-4088-8a50-bc5907eead0e'),
 ('2', '2', 'en_us', '1', 'news/{postDate.year}/{slug}', NULL, '2017-02-21 21:10:19', '2017-02-21 21:10:19', '7cd7b3e2-b902-4d36-815c-806e8b5a66ba'),
 ('3', '3', 'en_us', '1', 'blog/{slug}', NULL, '2017-02-21 21:44:56', '2017-02-21 21:44:56', '2b246638-782d-4ed8-abdd-3ed4a0df6b17');



DROP TABLE IF EXISTS `craft_sessions`;


--
-- Schema for table `craft_sessions`
--
CREATE TABLE `craft_sessions` (
  `id` int(11) NOT NULL AUTO_INCREMENT,
  `userId` int(11) NOT NULL,
  `token` char(100) COLLATE utf8_unicode_ci NOT NULL,
  `dateCreated` datetime NOT NULL,
  `dateUpdated` datetime NOT NULL,
  `uid` char(36) COLLATE utf8_unicode_ci NOT NULL DEFAULT '0',
  PRIMARY KEY (`id`),
  KEY `craft_sessions_uid_idx` (`uid`),
  KEY `craft_sessions_token_idx` (`token`),
  KEY `craft_sessions_dateUpdated_idx` (`dateUpdated`),
  KEY `craft_sessions_userId_fk` (`userId`)
) ENGINE=InnoDB AUTO_INCREMENT=4 DEFAULT CHARSET=utf8 COLLATE=utf8_unicode_ci;

DROP TABLE IF EXISTS `craft_shunnedmessages`;


--
-- Schema for table `craft_shunnedmessages`
--
CREATE TABLE `craft_shunnedmessages` (
  `id` int(11) NOT NULL AUTO_INCREMENT,
  `userId` int(11) NOT NULL,
  `message` varchar(255) COLLATE utf8_unicode_ci NOT NULL,
  `expiryDate` datetime DEFAULT NULL,
  `dateCreated` datetime NOT NULL,
  `dateUpdated` datetime NOT NULL,
  `uid` char(36) COLLATE utf8_unicode_ci NOT NULL DEFAULT '0',
  PRIMARY KEY (`id`),
  UNIQUE KEY `craft_shunnedmessages_userId_message_unq_idx` (`userId`,`message`)
) ENGINE=InnoDB DEFAULT CHARSET=utf8 COLLATE=utf8_unicode_ci;

DROP TABLE IF EXISTS `craft_structureelements`;


--
-- Schema for table `craft_structureelements`
--
CREATE TABLE `craft_structureelements` (
  `id` int(11) NOT NULL AUTO_INCREMENT,
  `structureId` int(11) NOT NULL,
  `elementId` int(11) DEFAULT NULL,
  `root` int(11) unsigned DEFAULT NULL,
  `lft` int(11) unsigned NOT NULL,
  `rgt` int(11) unsigned NOT NULL,
  `level` smallint(6) unsigned NOT NULL,
  `dateCreated` datetime NOT NULL,
  `dateUpdated` datetime NOT NULL,
  `uid` char(36) COLLATE utf8_unicode_ci NOT NULL DEFAULT '0',
  PRIMARY KEY (`id`),
  UNIQUE KEY `craft_structureelements_structureId_elementId_unq_idx` (`structureId`,`elementId`),
  KEY `craft_structureelements_root_idx` (`root`),
  KEY `craft_structureelements_lft_idx` (`lft`),
  KEY `craft_structureelements_rgt_idx` (`rgt`),
  KEY `craft_structureelements_level_idx` (`level`),
  KEY `craft_structureelements_elementId_fk` (`elementId`)
) ENGINE=InnoDB DEFAULT CHARSET=utf8 COLLATE=utf8_unicode_ci;

DROP TABLE IF EXISTS `craft_structures`;


--
-- Schema for table `craft_structures`
--
CREATE TABLE `craft_structures` (
  `id` int(11) NOT NULL AUTO_INCREMENT,
  `maxLevels` smallint(6) unsigned DEFAULT NULL,
  `dateCreated` datetime NOT NULL,
  `dateUpdated` datetime NOT NULL,
  `uid` char(36) COLLATE utf8_unicode_ci NOT NULL DEFAULT '0',
  PRIMARY KEY (`id`)
) ENGINE=InnoDB DEFAULT CHARSET=utf8 COLLATE=utf8_unicode_ci;

DROP TABLE IF EXISTS `craft_systemsettings`;


--
-- Schema for table `craft_systemsettings`
--
CREATE TABLE `craft_systemsettings` (
  `id` int(11) NOT NULL AUTO_INCREMENT,
  `category` varchar(15) COLLATE utf8_unicode_ci NOT NULL,
  `settings` text COLLATE utf8_unicode_ci,
  `dateCreated` datetime NOT NULL,
  `dateUpdated` datetime NOT NULL,
  `uid` char(36) COLLATE utf8_unicode_ci NOT NULL DEFAULT '0',
  PRIMARY KEY (`id`),
  UNIQUE KEY `craft_systemsettings_category_unq_idx` (`category`)
) ENGINE=InnoDB AUTO_INCREMENT=2 DEFAULT CHARSET=utf8 COLLATE=utf8_unicode_ci;

--
-- Data for table `craft_systemsettings`
--

INSERT INTO `craft_systemsettings` (`id`, `category`, `settings`, `dateCreated`, `dateUpdated`, `uid`) VALUES
 ('1', 'email', '{\"protocol\":\"php\",\"emailAddress\":\"ryan@ryanhallmedia.com\",\"senderName\":\"Dev Blog\"}', '2017-02-21 21:10:19', '2017-02-21 21:10:19', 'a630d3c5-9fe2-45f9-89d0-4d12f937efe3');



DROP TABLE IF EXISTS `craft_taggroups`;


--
-- Schema for table `craft_taggroups`
--
CREATE TABLE `craft_taggroups` (
  `id` int(11) NOT NULL AUTO_INCREMENT,
  `name` varchar(255) COLLATE utf8_unicode_ci NOT NULL,
  `handle` varchar(255) COLLATE utf8_unicode_ci NOT NULL,
  `fieldLayoutId` int(10) DEFAULT NULL,
  `dateCreated` datetime NOT NULL,
  `dateUpdated` datetime NOT NULL,
  `uid` char(36) COLLATE utf8_unicode_ci NOT NULL DEFAULT '0',
  PRIMARY KEY (`id`),
  UNIQUE KEY `craft_taggroups_name_unq_idx` (`name`),
  UNIQUE KEY `craft_taggroups_handle_unq_idx` (`handle`),
  KEY `craft_taggroups_fieldLayoutId_fk` (`fieldLayoutId`)
) ENGINE=InnoDB AUTO_INCREMENT=3 DEFAULT CHARSET=utf8 COLLATE=utf8_unicode_ci;

--
-- Data for table `craft_taggroups`
--

INSERT INTO `craft_taggroups` (`id`, `name`, `handle`, `fieldLayoutId`, `dateCreated`, `dateUpdated`, `uid`) VALUES
 ('1', 'Default', 'default', '1', '2017-02-21 21:10:19', '2017-02-21 21:10:19', '994e7833-5854-4b42-b289-3080cb91be71'),
 ('2', 'blog tags', 'blogTags', '28', '2017-02-22 15:02:04', '2017-02-22 15:02:04', 'f13a5425-b496-43b8-bc79-25b15a007457');



DROP TABLE IF EXISTS `craft_tags`;


--
-- Schema for table `craft_tags`
--
CREATE TABLE `craft_tags` (
  `id` int(11) NOT NULL,
  `groupId` int(11) NOT NULL,
  `dateCreated` datetime NOT NULL,
  `dateUpdated` datetime NOT NULL,
  `uid` char(36) COLLATE utf8_unicode_ci NOT NULL DEFAULT '0',
  PRIMARY KEY (`id`),
  KEY `craft_tags_groupId_fk` (`groupId`)
) ENGINE=InnoDB DEFAULT CHARSET=utf8 COLLATE=utf8_unicode_ci;

--
-- Data for table `craft_tags`
--

INSERT INTO `craft_tags` (`id`, `groupId`, `dateCreated`, `dateUpdated`, `uid`) VALUES
 ('6', '2', '2017-02-22 15:04:46', '2017-02-22 15:04:46', '0d8b70be-0607-4983-8c03-eee3c47c7e6e'),
 ('7', '2', '2017-02-22 15:07:42', '2017-02-22 15:07:42', '5743caba-a339-4e07-ae27-22a140353f3b');



DROP TABLE IF EXISTS `craft_tasks`;


--
-- Schema for table `craft_tasks`
--
CREATE TABLE `craft_tasks` (
  `id` int(11) NOT NULL AUTO_INCREMENT,
  `root` int(11) unsigned DEFAULT NULL,
  `lft` int(11) unsigned NOT NULL,
  `rgt` int(11) unsigned NOT NULL,
  `level` smallint(6) unsigned NOT NULL,
  `currentStep` int(11) unsigned DEFAULT NULL,
  `totalSteps` int(11) unsigned DEFAULT NULL,
  `status` enum('pending','error','running') COLLATE utf8_unicode_ci DEFAULT NULL,
  `type` varchar(150) COLLATE utf8_unicode_ci NOT NULL,
  `description` varchar(255) COLLATE utf8_unicode_ci DEFAULT NULL,
  `settings` mediumtext COLLATE utf8_unicode_ci,
  `dateCreated` datetime NOT NULL,
  `dateUpdated` datetime NOT NULL,
  `uid` char(36) COLLATE utf8_unicode_ci NOT NULL DEFAULT '0',
  PRIMARY KEY (`id`),
  KEY `craft_tasks_root_idx` (`root`),
  KEY `craft_tasks_lft_idx` (`lft`),
  KEY `craft_tasks_rgt_idx` (`rgt`),
  KEY `craft_tasks_level_idx` (`level`)
) ENGINE=InnoDB AUTO_INCREMENT=18 DEFAULT CHARSET=utf8 COLLATE=utf8_unicode_ci;

DROP TABLE IF EXISTS `craft_templatecachecriteria`;


--
-- Schema for table `craft_templatecachecriteria`
--
CREATE TABLE `craft_templatecachecriteria` (
  `id` int(11) NOT NULL AUTO_INCREMENT,
  `cacheId` int(11) NOT NULL,
  `type` varchar(150) COLLATE utf8_unicode_ci NOT NULL,
  `criteria` text COLLATE utf8_unicode_ci NOT NULL,
  PRIMARY KEY (`id`),
  KEY `craft_templatecachecriteria_cacheId_fk` (`cacheId`),
  KEY `craft_templatecachecriteria_type_idx` (`type`)
) ENGINE=InnoDB DEFAULT CHARSET=utf8 COLLATE=utf8_unicode_ci;

DROP TABLE IF EXISTS `craft_templatecacheelements`;


--
-- Schema for table `craft_templatecacheelements`
--
CREATE TABLE `craft_templatecacheelements` (
  `cacheId` int(11) NOT NULL,
  `elementId` int(11) NOT NULL,
  KEY `craft_templatecacheelements_cacheId_fk` (`cacheId`),
  KEY `craft_templatecacheelements_elementId_fk` (`elementId`)
) ENGINE=InnoDB DEFAULT CHARSET=utf8 COLLATE=utf8_unicode_ci;

DROP TABLE IF EXISTS `craft_templatecaches`;


--
-- Schema for table `craft_templatecaches`
--
CREATE TABLE `craft_templatecaches` (
  `id` int(11) NOT NULL AUTO_INCREMENT,
  `cacheKey` varchar(255) COLLATE utf8_unicode_ci NOT NULL,
  `locale` char(12) COLLATE utf8_unicode_ci NOT NULL,
  `path` varchar(255) COLLATE utf8_unicode_ci DEFAULT NULL,
  `expiryDate` datetime NOT NULL,
  `body` mediumtext COLLATE utf8_unicode_ci NOT NULL,
  PRIMARY KEY (`id`),
  KEY `craft_templatecaches_expiryDate_cacheKey_locale_path_idx` (`expiryDate`,`cacheKey`,`locale`,`path`),
  KEY `craft_templatecaches_locale_fk` (`locale`)
) ENGINE=InnoDB DEFAULT CHARSET=utf8 COLLATE=utf8_unicode_ci;

DROP TABLE IF EXISTS `craft_tokens`;


--
-- Schema for table `craft_tokens`
--
CREATE TABLE `craft_tokens` (
  `id` int(11) NOT NULL AUTO_INCREMENT,
  `token` char(32) COLLATE utf8_unicode_ci NOT NULL,
  `route` text COLLATE utf8_unicode_ci,
  `usageLimit` tinyint(3) unsigned DEFAULT NULL,
  `usageCount` tinyint(3) unsigned DEFAULT NULL,
  `expiryDate` datetime NOT NULL,
  `dateCreated` datetime NOT NULL,
  `dateUpdated` datetime NOT NULL,
  `uid` char(36) COLLATE utf8_unicode_ci NOT NULL DEFAULT '0',
  PRIMARY KEY (`id`),
  UNIQUE KEY `craft_tokens_token_unq_idx` (`token`),
  KEY `craft_tokens_expiryDate_idx` (`expiryDate`)
) ENGINE=InnoDB DEFAULT CHARSET=utf8 COLLATE=utf8_unicode_ci;

DROP TABLE IF EXISTS `craft_usergroups`;


--
-- Schema for table `craft_usergroups`
--
CREATE TABLE `craft_usergroups` (
  `id` int(11) NOT NULL AUTO_INCREMENT,
  `name` varchar(255) COLLATE utf8_unicode_ci NOT NULL,
  `handle` varchar(255) COLLATE utf8_unicode_ci NOT NULL,
  `dateCreated` datetime NOT NULL,
  `dateUpdated` datetime NOT NULL,
  `uid` char(36) COLLATE utf8_unicode_ci NOT NULL DEFAULT '0',
  PRIMARY KEY (`id`),
  UNIQUE KEY `craft_usergroups_name_unq_idx` (`name`),
  UNIQUE KEY `craft_usergroups_handle_unq_idx` (`handle`)
) ENGINE=InnoDB DEFAULT CHARSET=utf8 COLLATE=utf8_unicode_ci;

DROP TABLE IF EXISTS `craft_usergroups_users`;


--
-- Schema for table `craft_usergroups_users`
--
CREATE TABLE `craft_usergroups_users` (
  `id` int(11) NOT NULL AUTO_INCREMENT,
  `groupId` int(11) NOT NULL,
  `userId` int(11) NOT NULL,
  `dateCreated` datetime NOT NULL,
  `dateUpdated` datetime NOT NULL,
  `uid` char(36) COLLATE utf8_unicode_ci NOT NULL DEFAULT '0',
  PRIMARY KEY (`id`),
  UNIQUE KEY `craft_usergroups_users_groupId_userId_unq_idx` (`groupId`,`userId`),
  KEY `craft_usergroups_users_userId_fk` (`userId`)
) ENGINE=InnoDB DEFAULT CHARSET=utf8 COLLATE=utf8_unicode_ci;

DROP TABLE IF EXISTS `craft_userpermissions`;


--
-- Schema for table `craft_userpermissions`
--
CREATE TABLE `craft_userpermissions` (
  `id` int(11) NOT NULL AUTO_INCREMENT,
  `name` varchar(255) COLLATE utf8_unicode_ci NOT NULL,
  `dateCreated` datetime NOT NULL,
  `dateUpdated` datetime NOT NULL,
  `uid` char(36) COLLATE utf8_unicode_ci NOT NULL DEFAULT '0',
  PRIMARY KEY (`id`),
  UNIQUE KEY `craft_userpermissions_name_unq_idx` (`name`)
) ENGINE=InnoDB DEFAULT CHARSET=utf8 COLLATE=utf8_unicode_ci;

DROP TABLE IF EXISTS `craft_userpermissions_usergroups`;


--
-- Schema for table `craft_userpermissions_usergroups`
--
CREATE TABLE `craft_userpermissions_usergroups` (
  `id` int(11) NOT NULL AUTO_INCREMENT,
  `permissionId` int(11) NOT NULL,
  `groupId` int(11) NOT NULL,
  `dateCreated` datetime NOT NULL,
  `dateUpdated` datetime NOT NULL,
  `uid` char(36) COLLATE utf8_unicode_ci NOT NULL DEFAULT '0',
  PRIMARY KEY (`id`),
  UNIQUE KEY `craft_userpermissions_usergroups_permissionId_groupId_unq_idx` (`permissionId`,`groupId`),
  KEY `craft_userpermissions_usergroups_groupId_fk` (`groupId`)
) ENGINE=InnoDB DEFAULT CHARSET=utf8 COLLATE=utf8_unicode_ci;

DROP TABLE IF EXISTS `craft_userpermissions_users`;


--
-- Schema for table `craft_userpermissions_users`
--
CREATE TABLE `craft_userpermissions_users` (
  `id` int(11) NOT NULL AUTO_INCREMENT,
  `permissionId` int(11) NOT NULL,
  `userId` int(11) NOT NULL,
  `dateCreated` datetime NOT NULL,
  `dateUpdated` datetime NOT NULL,
  `uid` char(36) COLLATE utf8_unicode_ci NOT NULL DEFAULT '0',
  PRIMARY KEY (`id`),
  UNIQUE KEY `craft_userpermissions_users_permissionId_userId_unq_idx` (`permissionId`,`userId`),
  KEY `craft_userpermissions_users_userId_fk` (`userId`)
) ENGINE=InnoDB DEFAULT CHARSET=utf8 COLLATE=utf8_unicode_ci;

DROP TABLE IF EXISTS `craft_users`;


--
-- Schema for table `craft_users`
--
CREATE TABLE `craft_users` (
  `id` int(11) NOT NULL,
  `username` varchar(100) COLLATE utf8_unicode_ci NOT NULL,
  `photo` varchar(100) COLLATE utf8_unicode_ci DEFAULT NULL,
  `firstName` varchar(100) COLLATE utf8_unicode_ci DEFAULT NULL,
  `lastName` varchar(100) COLLATE utf8_unicode_ci DEFAULT NULL,
  `email` varchar(255) COLLATE utf8_unicode_ci NOT NULL,
  `password` char(255) COLLATE utf8_unicode_ci DEFAULT NULL,
  `preferredLocale` char(12) COLLATE utf8_unicode_ci DEFAULT NULL,
  `weekStartDay` tinyint(1) unsigned NOT NULL DEFAULT '0',
  `admin` tinyint(1) unsigned NOT NULL DEFAULT '0',
  `client` tinyint(1) unsigned NOT NULL DEFAULT '0',
  `locked` tinyint(1) unsigned NOT NULL DEFAULT '0',
  `suspended` tinyint(1) unsigned NOT NULL DEFAULT '0',
  `pending` tinyint(1) unsigned NOT NULL DEFAULT '0',
  `archived` tinyint(1) unsigned NOT NULL DEFAULT '0',
  `lastLoginDate` datetime DEFAULT NULL,
  `lastLoginAttemptIPAddress` varchar(45) COLLATE utf8_unicode_ci DEFAULT NULL,
  `invalidLoginWindowStart` datetime DEFAULT NULL,
  `invalidLoginCount` tinyint(4) unsigned DEFAULT NULL,
  `lastInvalidLoginDate` datetime DEFAULT NULL,
  `lockoutDate` datetime DEFAULT NULL,
  `verificationCode` char(100) COLLATE utf8_unicode_ci DEFAULT NULL,
  `verificationCodeIssuedDate` datetime DEFAULT NULL,
  `unverifiedEmail` varchar(255) COLLATE utf8_unicode_ci DEFAULT NULL,
  `passwordResetRequired` tinyint(1) unsigned NOT NULL DEFAULT '0',
  `lastPasswordChangeDate` datetime DEFAULT NULL,
  `dateCreated` datetime NOT NULL,
  `dateUpdated` datetime NOT NULL,
  `uid` char(36) COLLATE utf8_unicode_ci NOT NULL DEFAULT '0',
  PRIMARY KEY (`id`),
  UNIQUE KEY `craft_users_username_unq_idx` (`username`),
  UNIQUE KEY `craft_users_email_unq_idx` (`email`),
  KEY `craft_users_verificationCode_idx` (`verificationCode`),
  KEY `craft_users_uid_idx` (`uid`),
  KEY `craft_users_preferredLocale_fk` (`preferredLocale`)
) ENGINE=InnoDB DEFAULT CHARSET=utf8 COLLATE=utf8_unicode_ci;

--
-- Data for table `craft_users`
--

INSERT INTO `craft_users` (`id`, `username`, `photo`, `firstName`, `lastName`, `email`, `password`, `preferredLocale`, `weekStartDay`, `admin`, `client`, `locked`, `suspended`, `pending`, `archived`, `lastLoginDate`, `lastLoginAttemptIPAddress`, `invalidLoginWindowStart`, `invalidLoginCount`, `lastInvalidLoginDate`, `lockoutDate`, `verificationCode`, `verificationCodeIssuedDate`, `unverifiedEmail`, `passwordResetRequired`, `lastPasswordChangeDate`, `dateCreated`, `dateUpdated`, `uid`) VALUES
 ('1', 'RyanHall', 'ryan.png', 'Ryan', 'Hall', 'ryan@ryanhallmedia.com', '$2y$13$fFvOpqojiSQXjACylxyG3uFgM/KJdmpYHCg4u9ZZxSckT2uxXhOWG', NULL, '0', '1', '0', '0', '0', '0', '0', '2017-02-22 21:00:16', '::1', NULL, NULL, NULL, NULL, NULL, NULL, NULL, '0', '2017-02-21 21:10:15', '2017-02-21 21:10:15', '2017-02-22 21:00:16', '87f401a2-762d-4eee-9dd6-8f125e868892');



DROP TABLE IF EXISTS `craft_widgets`;


--
-- Schema for table `craft_widgets`
--
CREATE TABLE `craft_widgets` (
  `id` int(11) NOT NULL AUTO_INCREMENT,
  `userId` int(11) NOT NULL,
  `type` varchar(150) COLLATE utf8_unicode_ci NOT NULL,
  `sortOrder` smallint(6) unsigned DEFAULT NULL,
  `colspan` tinyint(4) unsigned DEFAULT NULL,
  `settings` text COLLATE utf8_unicode_ci,
  `enabled` tinyint(1) unsigned NOT NULL DEFAULT '1',
  `dateCreated` datetime NOT NULL,
  `dateUpdated` datetime NOT NULL,
  `uid` char(36) COLLATE utf8_unicode_ci NOT NULL DEFAULT '0',
  PRIMARY KEY (`id`),
  KEY `craft_widgets_userId_fk` (`userId`)
) ENGINE=InnoDB AUTO_INCREMENT=5 DEFAULT CHARSET=utf8 COLLATE=utf8_unicode_ci;

--
-- Data for table `craft_widgets`
--

INSERT INTO `craft_widgets` (`id`, `userId`, `type`, `sortOrder`, `colspan`, `settings`, `enabled`, `dateCreated`, `dateUpdated`, `uid`) VALUES
 ('1', '1', 'RecentEntries', '1', NULL, NULL, '1', '2017-02-21 21:10:28', '2017-02-21 21:10:28', '58c72cc6-1ce3-41ef-b4b8-fe634371fb96'),
 ('2', '1', 'GetHelp', '2', NULL, NULL, '1', '2017-02-21 21:10:28', '2017-02-21 21:10:28', '01dd6417-28d4-4d5e-878b-1a53d6ef523d'),
 ('3', '1', 'Updates', '3', NULL, NULL, '1', '2017-02-21 21:10:28', '2017-02-21 21:10:28', '927f539b-01f0-4d15-8f22-a1cd1756ef04'),
 ('4', '1', 'Feed', '4', NULL, '{\"url\":\"https:\\/\\/craftcms.com\\/news.rss\",\"title\":\"Craft News\"}', '1', '2017-02-21 21:10:28', '2017-02-21 21:10:28', '9dedb027-4e23-402d-b39d-1872bc4079f3');


--
-- Constraints for tables
--


--
-- Constraints for table `craft_assetfiles`
--
ALTER TABLE `craft_assetfiles`
	ADD CONSTRAINT `craft_assetfiles_folderId_fk` FOREIGN KEY (`folderId`) REFERENCES `craft_assetfolders` (`id`) ON DELETE CASCADE,
	ADD CONSTRAINT `craft_assetfiles_id_fk` FOREIGN KEY (`id`) REFERENCES `craft_elements` (`id`) ON DELETE CASCADE,
	ADD CONSTRAINT `craft_assetfiles_sourceId_fk` FOREIGN KEY (`sourceId`) REFERENCES `craft_assetsources` (`id`) ON DELETE CASCADE;

--
-- Constraints for table `craft_assetfolders`
--
ALTER TABLE `craft_assetfolders`
	ADD CONSTRAINT `craft_assetfolders_parentId_fk` FOREIGN KEY (`parentId`) REFERENCES `craft_assetfolders` (`id`) ON DELETE CASCADE,
	ADD CONSTRAINT `craft_assetfolders_sourceId_fk` FOREIGN KEY (`sourceId`) REFERENCES `craft_assetsources` (`id`) ON DELETE CASCADE;

--
-- Constraints for table `craft_assetindexdata`
--
ALTER TABLE `craft_assetindexdata`
	ADD CONSTRAINT `craft_assetindexdata_sourceId_fk` FOREIGN KEY (`sourceId`) REFERENCES `craft_assetsources` (`id`) ON DELETE CASCADE;

--
-- Constraints for table `craft_assetsources`
--
ALTER TABLE `craft_assetsources`
	ADD CONSTRAINT `craft_assetsources_fieldLayoutId_fk` FOREIGN KEY (`fieldLayoutId`) REFERENCES `craft_fieldlayouts` (`id`) ON DELETE SET NULL;

--
-- Constraints for table `craft_categories`
--
ALTER TABLE `craft_categories`
	ADD CONSTRAINT `craft_categories_groupId_fk` FOREIGN KEY (`groupId`) REFERENCES `craft_categorygroups` (`id`) ON DELETE CASCADE,
	ADD CONSTRAINT `craft_categories_id_fk` FOREIGN KEY (`id`) REFERENCES `craft_elements` (`id`) ON DELETE CASCADE;

--
-- Constraints for table `craft_categorygroups`
--
ALTER TABLE `craft_categorygroups`
	ADD CONSTRAINT `craft_categorygroups_fieldLayoutId_fk` FOREIGN KEY (`fieldLayoutId`) REFERENCES `craft_fieldlayouts` (`id`) ON DELETE SET NULL,
	ADD CONSTRAINT `craft_categorygroups_structureId_fk` FOREIGN KEY (`structureId`) REFERENCES `craft_structures` (`id`) ON DELETE CASCADE;

--
-- Constraints for table `craft_categorygroups_i18n`
--
ALTER TABLE `craft_categorygroups_i18n`
	ADD CONSTRAINT `craft_categorygroups_i18n_groupId_fk` FOREIGN KEY (`groupId`) REFERENCES `craft_categorygroups` (`id`) ON DELETE CASCADE,
	ADD CONSTRAINT `craft_categorygroups_i18n_locale_fk` FOREIGN KEY (`locale`) REFERENCES `craft_locales` (`locale`) ON DELETE CASCADE ON UPDATE CASCADE;

--
-- Constraints for table `craft_content`
--
ALTER TABLE `craft_content`
	ADD CONSTRAINT `craft_content_elementId_fk` FOREIGN KEY (`elementId`) REFERENCES `craft_elements` (`id`) ON DELETE CASCADE,
	ADD CONSTRAINT `craft_content_locale_fk` FOREIGN KEY (`locale`) REFERENCES `craft_locales` (`locale`) ON DELETE CASCADE ON UPDATE CASCADE;

--
-- Constraints for table `craft_elements_i18n`
--
ALTER TABLE `craft_elements_i18n`
	ADD CONSTRAINT `craft_elements_i18n_elementId_fk` FOREIGN KEY (`elementId`) REFERENCES `craft_elements` (`id`) ON DELETE CASCADE,
	ADD CONSTRAINT `craft_elements_i18n_locale_fk` FOREIGN KEY (`locale`) REFERENCES `craft_locales` (`locale`) ON DELETE CASCADE ON UPDATE CASCADE;

--
-- Constraints for table `craft_emailmessages`
--
ALTER TABLE `craft_emailmessages`
	ADD CONSTRAINT `craft_emailmessages_locale_fk` FOREIGN KEY (`locale`) REFERENCES `craft_locales` (`locale`) ON DELETE CASCADE ON UPDATE CASCADE;

--
-- Constraints for table `craft_entries`
--
ALTER TABLE `craft_entries`
	ADD CONSTRAINT `craft_entries_authorId_fk` FOREIGN KEY (`authorId`) REFERENCES `craft_users` (`id`) ON DELETE CASCADE,
	ADD CONSTRAINT `craft_entries_id_fk` FOREIGN KEY (`id`) REFERENCES `craft_elements` (`id`) ON DELETE CASCADE,
	ADD CONSTRAINT `craft_entries_sectionId_fk` FOREIGN KEY (`sectionId`) REFERENCES `craft_sections` (`id`) ON DELETE CASCADE,
	ADD CONSTRAINT `craft_entries_typeId_fk` FOREIGN KEY (`typeId`) REFERENCES `craft_entrytypes` (`id`) ON DELETE CASCADE;

--
-- Constraints for table `craft_entrydrafts`
--
ALTER TABLE `craft_entrydrafts`
	ADD CONSTRAINT `craft_entrydrafts_creatorId_fk` FOREIGN KEY (`creatorId`) REFERENCES `craft_users` (`id`) ON DELETE CASCADE,
	ADD CONSTRAINT `craft_entrydrafts_entryId_fk` FOREIGN KEY (`entryId`) REFERENCES `craft_entries` (`id`) ON DELETE CASCADE,
	ADD CONSTRAINT `craft_entrydrafts_locale_fk` FOREIGN KEY (`locale`) REFERENCES `craft_locales` (`locale`) ON DELETE CASCADE ON UPDATE CASCADE,
	ADD CONSTRAINT `craft_entrydrafts_sectionId_fk` FOREIGN KEY (`sectionId`) REFERENCES `craft_sections` (`id`) ON DELETE CASCADE;

--
-- Constraints for table `craft_entrytypes`
--
ALTER TABLE `craft_entrytypes`
	ADD CONSTRAINT `craft_entrytypes_fieldLayoutId_fk` FOREIGN KEY (`fieldLayoutId`) REFERENCES `craft_fieldlayouts` (`id`) ON DELETE SET NULL,
	ADD CONSTRAINT `craft_entrytypes_sectionId_fk` FOREIGN KEY (`sectionId`) REFERENCES `craft_sections` (`id`) ON DELETE CASCADE;

--
-- Constraints for table `craft_entryversions`
--
ALTER TABLE `craft_entryversions`
	ADD CONSTRAINT `craft_entryversions_creatorId_fk` FOREIGN KEY (`creatorId`) REFERENCES `craft_users` (`id`) ON DELETE SET NULL,
	ADD CONSTRAINT `craft_entryversions_entryId_fk` FOREIGN KEY (`entryId`) REFERENCES `craft_entries` (`id`) ON DELETE CASCADE,
	ADD CONSTRAINT `craft_entryversions_locale_fk` FOREIGN KEY (`locale`) REFERENCES `craft_locales` (`locale`) ON DELETE CASCADE ON UPDATE CASCADE,
	ADD CONSTRAINT `craft_entryversions_sectionId_fk` FOREIGN KEY (`sectionId`) REFERENCES `craft_sections` (`id`) ON DELETE CASCADE;

--
-- Constraints for table `craft_fieldlayoutfields`
--
ALTER TABLE `craft_fieldlayoutfields`
	ADD CONSTRAINT `craft_fieldlayoutfields_fieldId_fk` FOREIGN KEY (`fieldId`) REFERENCES `craft_fields` (`id`) ON DELETE CASCADE,
	ADD CONSTRAINT `craft_fieldlayoutfields_layoutId_fk` FOREIGN KEY (`layoutId`) REFERENCES `craft_fieldlayouts` (`id`) ON DELETE CASCADE,
	ADD CONSTRAINT `craft_fieldlayoutfields_tabId_fk` FOREIGN KEY (`tabId`) REFERENCES `craft_fieldlayouttabs` (`id`) ON DELETE CASCADE;

--
-- Constraints for table `craft_fieldlayouttabs`
--
ALTER TABLE `craft_fieldlayouttabs`
	ADD CONSTRAINT `craft_fieldlayouttabs_layoutId_fk` FOREIGN KEY (`layoutId`) REFERENCES `craft_fieldlayouts` (`id`) ON DELETE CASCADE;

--
-- Constraints for table `craft_fields`
--
ALTER TABLE `craft_fields`
	ADD CONSTRAINT `craft_fields_groupId_fk` FOREIGN KEY (`groupId`) REFERENCES `craft_fieldgroups` (`id`) ON DELETE CASCADE;

--
-- Constraints for table `craft_globalsets`
--
ALTER TABLE `craft_globalsets`
	ADD CONSTRAINT `craft_globalsets_fieldLayoutId_fk` FOREIGN KEY (`fieldLayoutId`) REFERENCES `craft_fieldlayouts` (`id`) ON DELETE SET NULL,
	ADD CONSTRAINT `craft_globalsets_id_fk` FOREIGN KEY (`id`) REFERENCES `craft_elements` (`id`) ON DELETE CASCADE;

--
-- Constraints for table `craft_matrixblocks`
--
ALTER TABLE `craft_matrixblocks`
	ADD CONSTRAINT `craft_matrixblocks_fieldId_fk` FOREIGN KEY (`fieldId`) REFERENCES `craft_fields` (`id`) ON DELETE CASCADE,
	ADD CONSTRAINT `craft_matrixblocks_id_fk` FOREIGN KEY (`id`) REFERENCES `craft_elements` (`id`) ON DELETE CASCADE,
	ADD CONSTRAINT `craft_matrixblocks_ownerId_fk` FOREIGN KEY (`ownerId`) REFERENCES `craft_elements` (`id`) ON DELETE CASCADE,
	ADD CONSTRAINT `craft_matrixblocks_ownerLocale_fk` FOREIGN KEY (`ownerLocale`) REFERENCES `craft_locales` (`locale`) ON DELETE CASCADE ON UPDATE CASCADE,
	ADD CONSTRAINT `craft_matrixblocks_typeId_fk` FOREIGN KEY (`typeId`) REFERENCES `craft_matrixblocktypes` (`id`) ON DELETE CASCADE;

--
-- Constraints for table `craft_matrixblocktypes`
--
ALTER TABLE `craft_matrixblocktypes`
	ADD CONSTRAINT `craft_matrixblocktypes_fieldId_fk` FOREIGN KEY (`fieldId`) REFERENCES `craft_fields` (`id`) ON DELETE CASCADE,
	ADD CONSTRAINT `craft_matrixblocktypes_fieldLayoutId_fk` FOREIGN KEY (`fieldLayoutId`) REFERENCES `craft_fieldlayouts` (`id`) ON DELETE SET NULL;

--
-- Constraints for table `craft_matrixcontent_bloglayout`
--
ALTER TABLE `craft_matrixcontent_bloglayout`
	ADD CONSTRAINT `craft_matrixcontent_bloglayout_elementId_fk` FOREIGN KEY (`elementId`) REFERENCES `craft_elements` (`id`) ON DELETE CASCADE,
	ADD CONSTRAINT `craft_matrixcontent_bloglayout_locale_fk` FOREIGN KEY (`locale`) REFERENCES `craft_locales` (`locale`) ON DELETE CASCADE ON UPDATE CASCADE;

--
-- Constraints for table `craft_migrations`
--
ALTER TABLE `craft_migrations`
	ADD CONSTRAINT `craft_migrations_pluginId_fk` FOREIGN KEY (`pluginId`) REFERENCES `craft_plugins` (`id`) ON DELETE CASCADE;

--
-- Constraints for table `craft_relations`
--
ALTER TABLE `craft_relations`
	ADD CONSTRAINT `craft_relations_fieldId_fk` FOREIGN KEY (`fieldId`) REFERENCES `craft_fields` (`id`) ON DELETE CASCADE,
	ADD CONSTRAINT `craft_relations_sourceId_fk` FOREIGN KEY (`sourceId`) REFERENCES `craft_elements` (`id`) ON DELETE CASCADE,
	ADD CONSTRAINT `craft_relations_sourceLocale_fk` FOREIGN KEY (`sourceLocale`) REFERENCES `craft_locales` (`locale`) ON DELETE CASCADE ON UPDATE CASCADE,
	ADD CONSTRAINT `craft_relations_targetId_fk` FOREIGN KEY (`targetId`) REFERENCES `craft_elements` (`id`) ON DELETE CASCADE;

--
-- Constraints for table `craft_routes`
--
ALTER TABLE `craft_routes`
	ADD CONSTRAINT `craft_routes_locale_fk` FOREIGN KEY (`locale`) REFERENCES `craft_locales` (`locale`) ON DELETE CASCADE ON UPDATE CASCADE;

--
-- Constraints for table `craft_sections`
--
ALTER TABLE `craft_sections`
	ADD CONSTRAINT `craft_sections_structureId_fk` FOREIGN KEY (`structureId`) REFERENCES `craft_structures` (`id`) ON DELETE SET NULL;

--
-- Constraints for table `craft_sections_i18n`
--
ALTER TABLE `craft_sections_i18n`
	ADD CONSTRAINT `craft_sections_i18n_locale_fk` FOREIGN KEY (`locale`) REFERENCES `craft_locales` (`locale`) ON DELETE CASCADE ON UPDATE CASCADE,
	ADD CONSTRAINT `craft_sections_i18n_sectionId_fk` FOREIGN KEY (`sectionId`) REFERENCES `craft_sections` (`id`) ON DELETE CASCADE;

--
-- Constraints for table `craft_sessions`
--
ALTER TABLE `craft_sessions`
	ADD CONSTRAINT `craft_sessions_userId_fk` FOREIGN KEY (`userId`) REFERENCES `craft_users` (`id`) ON DELETE CASCADE;

--
-- Constraints for table `craft_shunnedmessages`
--
ALTER TABLE `craft_shunnedmessages`
	ADD CONSTRAINT `craft_shunnedmessages_userId_fk` FOREIGN KEY (`userId`) REFERENCES `craft_users` (`id`) ON DELETE CASCADE;

--
-- Constraints for table `craft_structureelements`
--
ALTER TABLE `craft_structureelements`
	ADD CONSTRAINT `craft_structureelements_elementId_fk` FOREIGN KEY (`elementId`) REFERENCES `craft_elements` (`id`) ON DELETE CASCADE,
	ADD CONSTRAINT `craft_structureelements_structureId_fk` FOREIGN KEY (`structureId`) REFERENCES `craft_structures` (`id`) ON DELETE CASCADE;

--
-- Constraints for table `craft_taggroups`
--
ALTER TABLE `craft_taggroups`
	ADD CONSTRAINT `craft_taggroups_fieldLayoutId_fk` FOREIGN KEY (`fieldLayoutId`) REFERENCES `craft_fieldlayouts` (`id`) ON DELETE SET NULL;

--
-- Constraints for table `craft_tags`
--
ALTER TABLE `craft_tags`
	ADD CONSTRAINT `craft_tags_groupId_fk` FOREIGN KEY (`groupId`) REFERENCES `craft_taggroups` (`id`) ON DELETE CASCADE,
	ADD CONSTRAINT `craft_tags_id_fk` FOREIGN KEY (`id`) REFERENCES `craft_elements` (`id`) ON DELETE CASCADE;

--
-- Constraints for table `craft_templatecachecriteria`
--
ALTER TABLE `craft_templatecachecriteria`
	ADD CONSTRAINT `craft_templatecachecriteria_cacheId_fk` FOREIGN KEY (`cacheId`) REFERENCES `craft_templatecaches` (`id`) ON DELETE CASCADE;

--
-- Constraints for table `craft_templatecacheelements`
--
ALTER TABLE `craft_templatecacheelements`
	ADD CONSTRAINT `craft_templatecacheelements_cacheId_fk` FOREIGN KEY (`cacheId`) REFERENCES `craft_templatecaches` (`id`) ON DELETE CASCADE,
	ADD CONSTRAINT `craft_templatecacheelements_elementId_fk` FOREIGN KEY (`elementId`) REFERENCES `craft_elements` (`id`) ON DELETE CASCADE;

--
-- Constraints for table `craft_templatecaches`
--
ALTER TABLE `craft_templatecaches`
	ADD CONSTRAINT `craft_templatecaches_locale_fk` FOREIGN KEY (`locale`) REFERENCES `craft_locales` (`locale`) ON DELETE CASCADE ON UPDATE CASCADE;

--
-- Constraints for table `craft_usergroups_users`
--
ALTER TABLE `craft_usergroups_users`
	ADD CONSTRAINT `craft_usergroups_users_groupId_fk` FOREIGN KEY (`groupId`) REFERENCES `craft_usergroups` (`id`) ON DELETE CASCADE,
	ADD CONSTRAINT `craft_usergroups_users_userId_fk` FOREIGN KEY (`userId`) REFERENCES `craft_users` (`id`) ON DELETE CASCADE;

--
-- Constraints for table `craft_userpermissions_usergroups`
--
ALTER TABLE `craft_userpermissions_usergroups`
	ADD CONSTRAINT `craft_userpermissions_usergroups_groupId_fk` FOREIGN KEY (`groupId`) REFERENCES `craft_usergroups` (`id`) ON DELETE CASCADE,
	ADD CONSTRAINT `craft_userpermissions_usergroups_permissionId_fk` FOREIGN KEY (`permissionId`) REFERENCES `craft_userpermissions` (`id`) ON DELETE CASCADE;

--
-- Constraints for table `craft_userpermissions_users`
--
ALTER TABLE `craft_userpermissions_users`
	ADD CONSTRAINT `craft_userpermissions_users_permissionId_fk` FOREIGN KEY (`permissionId`) REFERENCES `craft_userpermissions` (`id`) ON DELETE CASCADE,
	ADD CONSTRAINT `craft_userpermissions_users_userId_fk` FOREIGN KEY (`userId`) REFERENCES `craft_users` (`id`) ON DELETE CASCADE;

--
-- Constraints for table `craft_users`
--
ALTER TABLE `craft_users`
	ADD CONSTRAINT `craft_users_id_fk` FOREIGN KEY (`id`) REFERENCES `craft_elements` (`id`) ON DELETE CASCADE,
	ADD CONSTRAINT `craft_users_preferredLocale_fk` FOREIGN KEY (`preferredLocale`) REFERENCES `craft_locales` (`locale`) ON DELETE SET NULL ON UPDATE CASCADE;

--
-- Constraints for table `craft_widgets`
--
ALTER TABLE `craft_widgets`
	ADD CONSTRAINT `craft_widgets_userId_fk` FOREIGN KEY (`userId`) REFERENCES `craft_users` (`id`) ON DELETE CASCADE;

SET FOREIGN_KEY_CHECKS = 1;
